name,sequence,mature,file,platform,vol_min,vol_max,pitch_min,pitch_max,dist_min,dist_max,dist_reverb_max,volumefalloffcurve,reverb_falloff_curve,limit_count,limit_type,entity_limit_count,entity_limit_type,bus,priority,spatialized,type,probability,loop,masterslave,loadspec,subtitle,compression,randomize_type,secondaryaliasname,chainaliasname,probability,startdelay,speakermap,reverb_send,lfe percentage,center percentage,platform,envelop_min,envelop_max,envelop percentage,occlusion_level,real_delay,distance_lpf,move_type,move_time,min_priority,max_priority,min_priority_threshold,max_priority_threshold,subtitle
# MUSIC,,,,,,,,,,,,,,,,,,,,,,,,,,,,,,,,,,,,,,,,,,,,,,,,,,
makin_stealth,,,Stream\Music\Mission\mak\makin_stealth.wav,,0.7,0.7,1,1,,,,,,,,,,music,,2d,streamed,,looping,0.7,,,,,,,,,music,0,,,,,,,,,,,,100,100,0.25,1,
makin_torture,,,Stream\Music\Mission\mak\makin_torture.wav,,0.85,0.85,1,1,,,,,,,,,,music,,2d,streamed,,,0.7,,,,,,,,3800,music,0,,,,,,,,,,,,100,100,0.25,1,
jungle_depot,,,Stream\Music\Mission\mak\jungle_depot_fltrd.wav,,0.85,0.85,1,1,,,,,,,,,,music,,2d,streamed,,looping,0.7,,,,,,,,,music,0,,,,,,,,,,,,100,100,0.25,1,
shaka_sting,,,Stream\Music\Mission\mak\shaka_sting.wav,,0.8,0.8,1,1,,,,,,,,,,music,,2d,streamed,,,0.7,,,,,,,,,music,0,,,,,,,,,,,,100,100,0.25,1,
shaka_sting_beach,,,Stream\Music\Mission\mak\shaka_sting_beach.wav,,0.8,0.8,1,1,,,,,,,,,,music,,2d,streamed,,,0.7,,,,,,,,,music_all,0,,,,,,,,,,,,100,100,0.25,1,
shaka_sting_end,,,Stream\Music\Mission\mak\shaka_sting_end.wav,,0.8,0.8,1,1,,,,,,,,,,music,,2d,streamed,,,0.7,,,,,,,,,music_all,0,,,,,,,,,,,,100,100,0.25,1,
shaka_sting_truck,,,Stream\Music\Mission\mak\shaka_sting_truck.wav,,0.8,0.8,1,1,,,,,,,,,,music,,2d,streamed,,,0.7,,,,,,,,,music_all,0,,,,,,,,,,,,100,100,0.25,1,
jungle_depot_fltrd,,,Stream\Music\Mission\mak\jungle_depot_fltrd.wav,,0.82,0.82,1,1,,,,,,,,,,music,,2d,streamed,,looping,0.65,,,,,,,,,music,0,,,,,,,,,,,,100,100,0.25,1,
jungle_depot_fltrd_loud,,,Stream\Music\Mission\mak\jungle_depot_fltrd.wav,,1,1,1,1,,,,,,,,,,music,,2d,streamed,,looping,0.7,,,,,,,,,music_all,0,,,,,,,,,,,,100,100,0.25,1,
stg_jungle_hilltop,,,Stream\Music\Mission\mak\stg_jungle_hilltop_fltrd.wav,,1,1,1,1,,,,,,,,,,music,,2d,streamed,,,0.7,,,,,,,,,music,0,,,,,,,,,,,,100,100,0.25,1,
wasabe_creek,,,Stream\Music\Mission\mak\makin_wasabe_creek.wav,,0.85,0.85,1,1,,,,,,,,,,music,,2d,streamed,,looping,0.7,,,,,,,,,music,0,,,,,,,,,,,,100,100,0.25,1,
village_fight_loop,,,Stream\Music\Mission\mak\mx_first_fight.wav,,0.75,0.75,1,1,,,,,,,,,,music,,2d,streamed,,looping,0.7,,,,,,,,,music_all,0,,,,,,,,,,,,100,100,0.25,1,
mx_truck_ambush,,,Stream\Music\Mission\mak\mx_fighting_mad.wav,,1,1,1,1,,,,,,,,,,music,,2d,streamed,,,0.9,,,,,,,,,music_all,0,,,,,,,,,,,,100,100,0.25,1,
mx_bomb_arming,,,Stream\Music\Mission\mak\mx_arming_bomb_stg.wav,,0.5,0.5,1,1,,,,,,,,,,music,,2d,streamed,,,0.7,,,,,,,,,music,0,,,,,,,,,,,,100,100,0.25,1,
mx_bomb_armed_run,,,Stream\Music\Mission\mak\mx_fubar_clip.wav,,1,1,1,1,,,,,,,,,,music,,2d,streamed,,looping,0.7,,,,,,,,,music_all,0,,,,,,,,,,,,100,100,0.25,1
mx_banzai_stg,,,Stream\Music\Mission\mak\mx_banzai_stg.wav,,1,1,1,1,,,,,,,,,,music,,2d,streamed,,,0.7,,,,,,,,,music_all,0,,,,,,,,,,,,100,100,0.25,1

mx_level_end,,,Stream\Music\Mission\mak\mx_level_end_b.wav,,1,1,1,1,,,,,,,,,,music,,2d,streamed,,,0.7,,,,,,,,2800,music_all,0,,,,,,,,,,,,100,100,0.25,1


# Ambient SFX - Static,,,,,,,,,,,,,,,,,,,,,,,,,,,,,,,,,,,,,,,,,,,,,,,,,
bgt_base,,,Stream\Backgrounds\Wind\light_wind\light_wind.wav,,0.2,0.2,,,,,,,,,,,,ambience,,2d,streamed,,looping,,,,,,,,,,music,,,,,,,,,,,,,100,100,0.25,1
none,,,null.wav,,0.2,0.2,,,,,,,,,,,,ambience,,2d,streamed,,looping,,,,,,,,,,music,,,,,,,,,,,,,100,100,0.25,1
bgt_bunker,,,SFX/Amb/Pacific/Room_Tones/pac_night_calm_bunker.wav,,0,0,,,,,,,,,,,,ambience,,2d,streamed,,looping,,,,,,,,,,music,,,,,,,,,,,,,100,100,0.25,1
bgt_bunker_machine,,,Stream\Backgrounds\mak\bunker\bunker_00.wav,,0.7,0.7,1,1,,,,,,,,,,full_vol,,2d,streamed,,looping,,,,,,,,,,music,,,,,,,,,,,,,100,100,0.25,1

bgt_bunker_machine_line,,,Stream\Backgrounds\mak\bunker\bunker_line_00.wav,,0.7,0.7,1,1,300,1200,1500,curve2,curve4,,,,,full_vol,,3d,streamed,,looping,,,,,,,,,,,,,,,50,600,1,,,,,,100,100,0.25,1

ocean_calm_l,,,Stream\Level\training\ocean\ocean_waves_00.wav,,0.25,0.25,0.9,1,50,1200,1600,curve2,curve3,,,,,ambience,,3d,streamed,,looping,,,,pcm,pitch,,,,,,0.35,,,,10,400,0.25,0.1,no,no,,,50,80,0.25,1
ocean_calm_r,,,Stream\Level\training\ocean\ocean_waves_00.wav,,0.25,0.25,0.9,1,50,1200,1600,curve2,curve3,,,,,ambience,,3d,streamed,,looping,,,,pcm,pitch,,,,150,,0.35,,,,10,400,0.25,0.1,no,no,,,50,80,0.25,1
,,,,,,,,,,,,,,,,,,,,,,,,,,,,,,,,,,,,,,,,,,,,,,,,,
ocean_left,,,null.wav,,0.25,0.25,0.9,1,50,1200,1600,curve2,curve3,,,,,ambience,,3d,streamed,,looping,,,,pcm,pitch,,,,150,,0.35,,,,10,400,0.25,0.1,no,no,,,50,80,0.25,1
ocean_right,,,null.wav,,0.25,0.25,0.9,1,50,1200,1600,curve2,curve3,,,,,ambience,,3d,streamed,,looping,,,,pcm,pitch,,,,150,,0.35,,,,10,400,0.25,0.1,no,no,,,50,80,0.25,1
Ignition_redbarrel,,,null.wav,,0.25,0.25,0.9,1,50,1200,1600,curve2,curve3,,,,,ambience,,3d,streamed,,looping,,,,,pitch,,,,150,,0.35,,,,10,400,0.25,0.1,no,no,,,50,80,0.25,1
mouse_submenu_over,,,null.wav,,0.25,0.25,0.9,1,50,1200,1600,curve2,curve3,,,,,ambience,,3d,streamed,,looping,,,,,pitch,,,,150,,0.35,,,,10,400,0.25,0.1,no,no,,,50,80,0.25,1
jeep_engine_high,,,null.wav,,0.25,0.25,0.9,1,50,1200,1600,curve2,curve3,,,,,ambience,,3d,streamed,,looping,,,,,pitch,,,,150,,0.35,,,,10,400,0.25,0.1,no,no,,,50,80,0.25,1
jeep_engine_low,,,null.wav,,0.25,0.25,0.9,1,50,1200,1600,curve2,curve3,,,,,ambience,,3d,streamed,,looping,,,,,pitch,,,,150,,0.35,,,,10,400,0.25,0.1,no,no,,,50,80,0.25,1
ocean_oneshots,,,null.wav,,0.5,0.5,0.9,1.05,10,2200,,curve2,,,,,,ambience,,3d,,,,,,,,,,,,,,0.5,,,,,,,0.2,no,no,,,20,50,0.25,1
guninhand,,,null.wav,,0.5,0.5,0.9,1.05,10,2200,,curve2,,,,,,ambience,,3d,,,,,,,,,,,,,,0.5,,,,,,,0.2,no,no,,,20,50,0.25,1
gr_m1garand_futz_plr,,,null.wav,,0.5,0.5,0.9,1.05,10,2200,,curve2,,,,,,ambience,,3d,,,,,,,,,,,,,,0.5,,,,,,,0.2,no,no,,,20,50,0.25,1
trap_vx,,,null.wav,,0.5,0.5,0.9,1.05,10,2200,,curve2,,,,,,ambience,,3d,,,,,,,,,,,,,,0.5,,,,,,,0.2,no,no,,,20,50,0.25,1
flare_idle_low,,,null.wav,,0.5,0.5,0.9,1.05,10,2200,,curve2,,,,,,ambience,,3d,,,,,,,,,,,,,,0.5,,,,,,,0.2,no,no,,,20,50,0.25,1
flare_engine_high,,,null.wav,,0.5,0.5,0.9,1.05,10,2200,,curve2,,,,,,ambience,,3d,,,,,,,,,,,,,,0.5,,,,,,,0.2,no,no,,,20,50,0.25,1
jeep_idle_low,,,null.wav,,0.5,0.5,0.9,1.05,10,2200,,curve2,,,,,,ambience,,3d,,,,,,,,,,,,,,0.5,,,,,,,0.2,no,no,,,20,50,0.25,1
qgear_rattle_walk,,,null.wav,,0.5,0.5,0.9,1.05,10,2200,,curve2,,,,,,ambience,,3d,,,,,,,,,,,,,,0.5,,,,,,,0.2,no,no,,,20,50,0.25,1
Mak1_IGD_057A_SULL,,,null.wav,,0.5,0.5,0.9,1.05,10,2200,,curve2,,,,,,ambience,,3d,,,,,,,,,,,,,,0.5,,,,,,,0.2,no,no,,,20,50,0.25,1
Mak1_IGD_123A_SULL,,,null.wav,,0.5,0.5,0.9,1.05,10,2200,,curve2,,,,,,ambience,,3d,,,,,,,,,,,,,,0.5,,,,,,,0.2,no,no,,,20,50,0.25,1
Mak1_IGD_007A_USR1,,,null.wav,,0.5,0.5,0.9,1.05,10,2200,,curve2,,,,,,ambience,,3d,,,,,,,,,,,,,,0.5,,,,,,,0.2,no,no,,,20,50,0.25,1
undefined,,,null.wav,,0.5,0.5,0.9,1.05,10,2200,,curve2,,,,,,ambience,,3d,,,,,,,,,,,,,,0.5,,,,,,,0.2,no,no,,,20,50,0.25,1
fly_officer_stand,,,null.wav,,0.5,0.5,0.9,1.05,10,2200,,curve2,,,,,,ambience,,3d,,,,,,,,,,,,,,0.5,,,,,,,0.2,no,no,,,20,50,0.25,1
fly_grab_mitch_officer,,,null.wav,,0.5,0.5,0.9,1.05,10,2200,,curve2,,,,,,ambience,,3d,,,,,,,,,,,,,,0.5,,,,,,,0.2,no,no,,,20,50,0.25,1
fly_grab_player,,,null.wav,,0.5,0.5,0.9,1.05,10,2200,,curve2,,,,,,ambience,,3d,,,,,,,,,,,,,,0.5,,,,,,,0.2,no,no,,,20,50,0.25,1
mitch_bodyfall,,,SFX\Character\Foley\BodyFalls\BodyFall_##,,0.5,0.5,0.9,1.05,10,2200,,curve2,,,,,,ambience,,3d,,,,,,,,,,,,,,0.5,,,,,,,0.2,no,no,,,20,50,0.25,1
,,,,,,,,,,,,,,,,,,,,,,,,,,,,,,,,,,,,,,,,,,,,,,,,,
radio_destroyed,,,SFX\Amb\Pacific\radio\radio_zort.wav,,0.8,0.8,,,10,500,,,,,,,,ambience,,3d,,,,,,,,,,,,,,,,,,,, ,,,,,,50,80,0.25,0.75
,,,,,,,,,,,,,,,,,,,,,,,,,,,,,,,,,,,,,,,,,,,,,,,,,
,,,,,,,,,,,,,,,,,,,,,,,,,,,,,,,,,,,,,,,,,,,,,,,,,
,,,,,,,,,,,,,,,,,,,,,,,,,,,,,,,,,,,,,,,,,,,,,,,,,
ocean_distant,,,SFX/Amb/Pacific/ocean/Surf2.L.wav,,0.9,1,0.9,1,250,8000,,,,,,,,ambience,,3d,,,looping,,,,,,,,,,,,,,,,,,,,,,,,,,

dist_ocean_L,,,SFX\Levels\training\ocean_left_channel.wav,,0.5,0.5,1,1.1,50,3000,4000,curve2,curve4,,,,,ambience,,3d,streamed,,looping,,,,,pitch,,,,,,0.35,,,,,,,0,no,no,,,20,50,0.25,1
dist_ocean_R,,,SFX\Levels\training\ocean_right_channel.wav,,0.5,0.5,1,1.1,50,3000,4000,curve2,curve4,,,,,ambience,,3d,streamed,,looping,,,,,pitch,,,,,,0.35,,,,,,,0,no,no,,,20,50,0.25,1
wind_on_hill_L,,,Stream\Level\mak\line_wind\wind_on_hill_L.wav,,0.95,0.95,1,1,150,1200,,curve2,,,,,,ambience,,3d,streamed,,looping,,,,,,,,,,,,,,,250,400,0.5,0,no,no,,,20,50,0.25,1
wind_on_hill_R,,,Stream\Level\mak\line_wind\wind_on_hill_R.wav,,0.95,0.95,1,1,150,1200,,curve2,,,,,,ambience,,3d,streamed,,looping,,,,,,,,,,,,,,,250,400,0.5,0,no,no,,,20,50,0.25,1
ocean_oneshot,,,SFX\Levels\training\ocean_oneshots_##,,0.6,0.6,0.9,1.05,10,2200,,curve2,,,,,,ambience,,3d,,,,,,,,,,,,,,0.5,,,,,,,0.2,no,no,,,20,50,0.25,1

hut_small_fire,1,,SFX/Destruction/fires/small/small_00.wav,,0.55,0.65,0.8,1.05,120,1000,1200,curve2,,,,,,ambience,,3d,,,looping,,,,pcm,pitch,,,,,,,,,,20,400,0.5,0.3,,,,,20,40,0.15,0.85
hut_small_fire,2,,SFX/Destruction/fires/small/small_07.wav,,0.55,0.65,0.8,1.05,120,1000,1200,curve2,,,,,,ambience,,3d,,,looping,,,,pcm,pitch,,,,,,,,,,20,400,0.5,0.3,,,,,20,40,0.15,0.85
hut_small_fire,3,,SFX/Destruction/fires/small/small_01.wav,,0.55,0.65,0.8,1.05,120,1100,1200,curve2,,,,,,ambience,,3d,,,looping,,,,pcm,pitch,,,,,,,,,,20,400,0.5,0.3,,,,,20,40,0.15,0.85
hut_small_fire,4,,SFX/Destruction/fires/small/small_03.wav,,0.55,0.65,0.8,1.05,120,1100,1200,curve2,,,,,,ambience,,3d,,,looping,,,,pcm,pitch,,,,,,,,,,20,400,0.5,0.3,,,,,20,40,0.15,0.85
hut_small_fire,5,,SFX/Destruction/fires/small/small_04.wav,,0.55,0.65,0.8,1.05,120,1000,1200,curve2,,,,,,ambience,,3d,,,looping,,,,pcm,pitch,,,,,,,,,,20,400,0.5,0.3,,,,,20,40,0.15,0.85
hut_small_fire,6,,SFX/Destruction/fires/small/small_05.wav,,0.55,0.65,0.8,1.05,120,1000,1200,curve2,,,,,,ambience,,3d,,,looping,,,,pcm,pitch,,,,,,,,,,20,400,0.5,0.3,,,,,20,40,0.15,0.85
hut_small_fire,7,,SFX\Levels\Makin\fire_sweetner\low_rumble.wav,,0.55,0.65,0.9,1.1,200,800,800,curve2,,,,,,ambience,,3d,,,looping,,,,pcm,pitch,,,,,,,,,,,,,0,,,,,20,40,0.15,0.85

hut_large_fire,,,SFX\Levels\Makin\hut_fire_##,,0.65,0.65,0.8,1.05,300,1500,1800,curve4,,,,,,ambience,,3d,,,looping,,,,pcm,pitch,,,,,,,,,,100,400,0.5,0.2,,,,,20,40,0.15,0.85
rocket_expander,,,SFX/Destruction/Explosion_Falloff_##,,0.9,1,0.8,1.05,100,2000,2500,curve2,,,,,,explosion,,3d,,,,,,,,pitch,,,,,,,,,,,,,,,,,,80,100,0.15,0.85
,,,,,,,,,,,,,,,,,,,,,,,,,,,,,,,,,,,,,,,,,,,,,,,,,
amb_radio_chatter,,,SFX\Amb\Pacific\radio\Makin_Radio.wav,,1,1,1,1,100,800,1000,,,,,,,ambience,,3d,streamed,,looping,,,,,,,,,,,,,,,,,,0.85,,,,,20,80,0.15,1

# Wii Background Tracks,,,,,,,,,,,,,,,,,,,,,,,,,,,,,,,,,,,,,,,,,,,,,,,,,
#mak_default,,,stream/wii_bgs/mak/default.wav,wii,1,1,1,1,,,,,,,,,,ambience,,2d,streamed,,looping,,,,,,,,,,music,,,,,,,,,,,,,100,100,0.25,1
#jungle_path,,,stream/wii_bgs/mak/junglepath.wav,wii,1,1,1,1,,,,,,,,,,ambience,,2d,streamed,,looping,,,,,,,,,,music,,,,,,,,,,,,,100,100,0.25,1
#hilltop,,,stream/wii_bgs/mak/hilltop.wav,wii,1,1,1,1,,,,,,,,,,ambience,,2d,streamed,,looping,,,,,,,,,,music,,,,,,,,,,,,,100,100,0.25,1
,,,,,,,,,,,,,,,,,,,,,,,,,,,,,,,,,,,,,,,,,,,,,,,,,
#Shrine,,,,,,,,,,,,,,,,,,,,,,,,,,,,,,,,,,,,,,,,,,,,,,,,,
amb_shrinebells,,,SFX\Levels\Makin\shrine\bells_##,,0.65,0.85,0.95,1.1,10,1750,3000,curve2,curve2,,,,,ambience,,3d,,,,,,,,,,,,,,1,,,,100,250,1,0.5,no,yes,,,30,50,0.1,1
amb_wind_trees_shrine,,,SFX/Amb/Wind/leaves_##,,0.55,0.55,0.95,1.05,10,385,500,curve2,curve1,,,,,ambience,,3d,,,,,,,,pitch,,,0.15,,,,,,,,,,0.2,,no,,,30,50,0.1,1
amb_low_hum,,,SFX\Levels\Makin\shrine\whisper_##,,0.85,1,0.95,1.1,100,1100,1500,curve2,,,,,,ambience,,3d,,,,,,,,pitch,,,,,,,,,,,,,0,no,no,,,30,50,0.1,1

#amb_light_hum_scripted,,,SFX\Amb\lightbulbs\light_hum_00.wav,,0.65,0.85,0.95,1.1,250,800,1200,curve2,curve2,,,,,ambience,,3d,,,,,,,,pitch,,,,,,,,,,,,,0.25,no,no,,,30,50,0.1,1
amb_light_hum,,,SFX\Amb\lightbulbs\light_humming_00.wav,,0.75,0.85,0.85,1.05,50,800,1000,curve2,curve2,,,,,ambience,,3d,,,looping,,,,,pitch,,,,,,,,,,,,,0.25,no,no,,,30,50,0.1,1
# Ambient SFX - Spawned,,,,,,,,,,,,,,,,,,,,,,,,,,,,,,,,,,,,,,,,,,,,,,,,,
# Base Package,,,,,,,,,,,,,,,,,,,,,,,,,,,,,,,,,,,,,,,,,,,,,,,,,
#amb_seagull,,,SFX/Amb/animals/seagull_##,,0.2,0.4,0.9,1.1,10,5000,,,,,,,,ambience,,3d,,,,,,,,,,,,,,,,,,,,,,,,,,30,50,0.1,1
amb_seagull,,,null.wav,,0.2,0.4,0.9,1.1,10,5000,,,,,,,,ambience,,3d,,,,,,,,,,,,,,,,,,,,,,,,,,30,50,0.1,1
amb_twigsnap,,,SFX/Amb/TwigSnap_##,,0.2,0.4,0.9,1.1,10,5000,,,,,,,,ambience,,3d,,,,,,,,,,,,,,,,,,,,,,,,,,30,50,0.1,1
amb_shortbugs,,,SFX/Amb/animals/wall_of_bugs/Short_Bugs_##,,0.2,0.4,0.9,1.1,10,5000,,,,,,,,ambience,,3d,,,,,,,,,,,,,,,,,,,,,,,,,,30,50,0.1,1

# Loopers,,,,,,,,,,,,,,,,,,,,,,,,,,,,,,,,,,,,,,,,,,,,,,,,,

amb_wall_of_bugs_00,,,SFX/Amb/animals/wall_of_bugs/wall_of_bugs_00.wav,,0.5,0.5,1,1,10,1500,,,,,,,,ambience,,3d,,,looping,,,,pcm,pitch,,,,,,,,,,,,,0.2,,no,,,30,50,0.1,1
amb_wall_of_bugs_01,,,SFX/Amb/animals/wall_of_bugs/wall_of_bugs_01.wav,,0.5,0.5,1,1,10,1500,,,,,,,,ambience,,3d,,,looping,,,,pcm,pitch,,,,,,,,,,,,,0.2,,no,,,30,50,0.1,1
amb_wall_of_bugs_02,,,SFX/Amb/animals/wall_of_bugs/wall_of_bugs_02.wav,,0.5,0.5,1,1,10,1000,,,,,,,,ambience,,3d,,,looping,,,,pcm,pitch,,,,,,,,,,,,,0.2,,no,,,30,50,0.1,1
amb_wall_of_bugs_03,,,SFX/Amb/animals/wall_of_bugs/wall_of_bugs_03.wav,,0.5,0.5,1,1,10,1000,,,,,,,,ambience,,3d,,,looping,,,,pcm,pitch,,,,,,,,,,,,,0.2,,no,,,30,50,0.1,1
amb_wall_of_bugs_04,,,SFX/Amb/animals/wall_of_bugs/wall_of_bugs_04.wav,,0.5,0.5,1,1,10,1500,,,,,,,,ambience,,3d,,,looping,,,,pcm,pitch,,,,,,,,,,,,,0.2,,no,,,30,50,0.1,1
amb_wall_of_bugs_05,,,SFX/Amb/animals/wall_of_bugs/wall_of_bugs_05.wav,,0.55,0.55,1,1,10,1600,,,,,,,,ambience,,3d,,,looping,,,,pcm,pitch,,,,,,,,,,,,,0.2,,no,,,30,50,0.1,1
amb_wall_of_bugs_06,,,SFX/Amb/animals/wall_of_bugs/wall_of_bugs_06.wav,,0.55,0.55,1,1,10,1600,,,,,,,,ambience,,3d,,,looping,,,,pcm,pitch,,,,,,,,,,,,,0.2,,no,,,30,50,0.1,1

amb_water_vs_pier_00,1,,SFX/Amb/Pacific/ocean/water_vs_pier_calm_00.wav,,0.85,0.95,0.8,1.1,400,1200,2400,curve2,curve3,,,,,ambience,,3d,,,looping,,,,pcm,pitch,,,,,,,,,,,,,0,,no,,,30,50,0.1,1
amb_water_vs_pier_00,2,,SFX/Amb/Pacific/ocean/water_vs_pier_calm_01.wav,,0.85,0.95,0.8,1.1,400,1200,2400,curve2,curve3,,,,,ambience,,3d,,,looping,,,,pcm,pitch,,,,,,,,,,,,,0,,no,,,30,50,0.1,1
water_vs_boat_calm_00,1,,SFX/Amb/Pacific/ocean/water_vs_boat_calm_00.wav,,0.85,0.95,0.8,1.1,400,1200,2400,curve2,curve3,,,,,ambience,,3d,,,looping,,,,pcm,pitch,,,,,,,,,,,,,0,,no,,,30,50,0.1,1
water_vs_boat_calm_00,2,,SFX/Amb/Pacific/ocean/water_vs_boat_calm_01.wav,,0.85,0.95,0.8,1.1,400,1200,2400,curve2,curve3,,,,,ambience,,3d,,,looping,,,,pcm,pitch,,,,,,,,,,,,,0,,no,,,30,50,0.1,1

amb_wind_trees,,,SFX/Amb/Wind/leaves_##,,0.85,1,0.95,1.2,250,2000,3500,curve3,curve2,,,,,ambience,,3d,,,,,,,pcm,pitch,,,,,,,,,,,,,0.2,,no,,,30,50,0.1,1
amb_crickets,,,SFX\Amb\animals\insects_##,,0.6,0.8,0.9,1.2,10,800,800,curve2,,,,,,ambience,,3d,,,,,,,pcm,pitch,amb_frogs_linked,,,,,,,,,,,,0.2,,no,,,5,10,0.25,1
amb_frogs,,,SFX\Amb\animals\frogs_pac_##,,0.5,0.65,0.9,1.05,10,650,800,curve2,,,,,,ambience,,3d,,,,,,,pcm,pitch,,,,,,,,,,,,,0.1,,no,,,5,10,0.25,1
amb_frogs_linked,,,SFX\Amb\animals\frogs_pac_##,,0.5,0.65,0.9,1.05,10,500,,curve2,,,,,,ambience,,3d,,,,,,,pcm,,,,0.05,,,,,,,,,,0.1,,no,,,5,10,0.25,1
amb_frogs_pac,,,SFX\Levels\Makin\creek_frogs_##,,0.5,0.65,0.9,1.05,125,800,1000,curve2,,,,,,ambience,,3d,,,,,,,pcm,pitch,,,,,,,,,,,,,0.1,,no,,,5,10,0.25,1
amb_creek_00,,,SFX\Levels\Makin\creek\creek_00.wav,,0.9,0.95,0.9,1.05,500,1500,1800,curve1,curve3,,,,,ambience,,3d,,,looping,,,,pcm,pitch,,,,,,,,,,250,800,0.5,,,no,,,30,50,0.1,1
amb_creek_01,,,SFX\Levels\Makin\creek\creek_01.wav,,0.9,0.95,0.9,1.05,500,1500,1800,curve1,curve3,,,,,ambience,,3d,,,looping,,,,pcm,pitch,,,,,,,,,,250,800,0.5,,,no,,,30,50,0.1,1
amb_creek_calm_00,,,SFX\Levels\Makin\creek\creek_calm_00.wav,,1,1,0.9,1.05,500,1000,1200,curve3,curve3,,,,,ambience,,3d,,,looping,,,,pcm,pitch,,,,,,,,,,250,800,0.5,,,no,,,30,50,0.1,1
amb_mosquito,,,SFX\Amb\animals\mosquito_mn_##,,0.85,0.95,1,1,10,500,,curve2,,,,,,ambience,,3d,,,,,,,pcm,pitch,,,,,,,,,,,,,,,no,,,5,10,0.25,1

fire_manager_0,,,SFX/Destruction/fires/dynamic/dyn_fire_00.wav,,1,1,,,50,500,850,curve2,,,,,,ambience,,3d,,,looping,,,,pcm,,,,,,,,,,,,,,,,,,,25,80,0.25,1
fire_manager_1,,,SFX/Destruction/fires/dynamic/dyn_fire_01.wav,,1,1,,,50,500,850,curve2,,,,,,ambience,,3d,,,looping,,,,pcm,,,,,,,,,,,,,,,,,,,25,80,0.25,1
fire_manager_2,,,SFX/Destruction/fires/dynamic/dyn_fire_02.wav,,1,1,,,50,500,850,curve2,,,,,,ambience,,3d,,,looping,,,,pcm,,,,,,,,,,,,,,,,,,,25,80,0.25,1
fire_manager_3,,,SFX/Destruction/fires/dynamic/dyn_fire_03.wav,,1,1,,,50,500,850,curve2,,,,,,ambience,,3d,,,looping,,,,pcm,,,,,,,,,,,,,,,,,,,25,80,0.25,1
# Flares,,,,,,,,,,,,,,,,,,,,,,,,,,,,,,,,,,,,,,,,,,,,,,,,,

flare_launch,,,SFX\Amb\flare\flare_launch.wav,,1,1,0.8,1.1,500,5000,,curve4,,,,,,full_vol,,3d,,,,,,,,,,,,,,,,,,,,,0,,no,,,100,100,0.25,1
flare_exp,,,SFX\Amb\flare\flare_exp.wav,,1,1,1,1,100,5000,,curve4,,,,,,full_vol,,2d,,,,master,,,,,,,,,wpn_all,,,,,,,,0,,no,,,100,100,0.25,1
flare_loop,,,SFX\Amb\flare\flare_loop_b.wav,,1,1,0.8,1.1,100,5000,,curve4,,,,,,full_vol,,3d,,,looping,,,,,,,,,,,,,,,,,,0,,no,,,100,100,0.25,1

# Special Explos,,,,,,,,,,,,,,,,,,,,,,,,,,,,,,,,,,,,,,,,,,,,,,,,,
mak_metal_explo,,,null.wav,,1,1,0.8,1.1,1000,6000,8000,,,,,,,ambience,,3d,,,,,,,,,,,,,,,,,,,,,0,,,,,100,100,0.25,1
#mak_metal_explo,,,SFX\Destruction\vehicle_##,,1,1,0.8,1.1,1000,6000,8000,,,,,,,ambience,,3d,,,,,,,,,,,,,,,,,,,,,0,,,,,100,100,0.25,1
#mak_fuel_explo,,,SFX\Destruction\Marquee_Explos\Explo_Ammosupply.wav,,1,1,0.8,1.1,1000,6000,8000,,,,,,,ambience,,3d,,,,,,,,,,,,,,,,,,,,,0,,,,,100,100,0.25,1
#body_burn_vo,,,SFX\Character\onfire\onfire_japanese_##,,1,1,0.9,1,50,1900,2500,,,,,,,ambience,,3d,,,,,,,,,,,,1750,,,,,,,,,0,,,,,100,100,0.25,1
gun_fall,,,null.wav,,1,1,0.8,1.1,1000,6000,8000,,,,,,,ambience,,3d,,,,,,,,,,,,,,,,,,,,,0,,,,,100,100,0.25,1
#fire Beatdown,,,,,,,,,,,,,,,,,,,,,,,,,,,,,,,,,,,,,,,,,,,,,,,,,
body_burn_makin,,,SFX/Destruction/Body_Burn/Body_Burn_00.wav,,0.75,0.75,1,1,500,1000,1200,curve2,,,,,,full_vol,,3d,,,,,,,,,door_break,,,25,,,,,,,,,0,,,,,100,100,0.25,1
body_burn_vo_fireguy,,,SFX\Character\onfire\mak\onfire_scream.wav,,1,1,1,1,500,1100,1300,curve3,,,,,,full_vol,,3d,,,,,,,,,,,,150,,,,,,,,,0,,,,,100,100,0.25,1
door_break,,,SFX\Levels\Makin\fire_beatdown\door_break.wav,,1,1,1,1,500,1000,1000,curve2,,,,,,full_vol,,3d,,,,,,,,,body_burn_vo_fireguy,,,,,,,,,,,,0,,,,,100,100,0.25,1
#Under Hut,,,,,,,,,,,,,,,,,,,,,,,,,,,,,,,,,,,,,,,,,,,,,,,,,
hut_debris_fall,,,SFX\Levels\Makin\underhut\debris_fall_d.wav ,,0.85,0.85,1,1,500,1500,1600,curve3,,,,,,full_vol,,3d,,,,,,,,,body_burn_makin_hut,,,,,,,,,,,,0,,,,,100,100,0.25,1
japanese_yell,,,SFX\Levels\Makin\underhut\japanese_yell.wav,,1,1,1,1,500,1500,1600,curve3,,,,,,full_vol,,3d,,,,,,,,,,,,,,,,,,,,,0,,,,,100,100,0.25,1
body_burn_makin_hut,,,SFX/Destruction/Body_Burn/Body_Burn_00.wav,,1,1,1,1,100,500,1000,curve2,,,,,,full_vol,,3d,,,,,,,,,,,,25,,,,,,,,,0,,,,,100,100,0.25,1
#Guy 2 - Shed,,,,,,,,,,,,,,,,,,,,,,,,,,,,,,,,,,,,,,,,,,,,,,,,,
japanese_yell_hut,,,SFX\Levels\Makin\shed_guy\hut_scream.wav,,1,1,1,1,500,1500,1600,curve3,,,,,,full_vol,,3d,,,,,,,,,,,,50,,,,,,,,,0,,,,,100,100,0.25,1
japanese_yell_delay,,,SFX\Levels\Makin\shed_guy\hut_scream.wav,,1,1,1,1,500,2800,3400,curve4,,,,,,full_vol,,3d,,,,,,,,,japanese_hit_ground,,,550,,,,,,,,,0,,,,,100,100,0.25,1
japanese_hit_ground,,,SFX\Character\Foley\BodyFalls\BodyFall_##,,1,1,1,1,500,2800,3400,curve4,,,,,,full_vol,,3d,,,,,,,,,,,,2200,,,,,,,,,0,,,,,100,100,0.25,1
shed_break,,,SFX\Levels\Makin\shed_guy\roof_break.wav,,0.8,0.8,1,1,500,1500,1600,curve3,,,,,,full_vol,,3d,,,,,,,,,,,,,,,,,,,,,0,,,,,100,100,0.25,1
#Tower Fall,,,,,,,,,,,,,,,,,,,,,,,,,,,,,,,,,,,,,,,,,,,,,,,,,
#flipped the crack and the groans so it starts differently,,,,,,,,,,,,,,,,,,,,,,,,,,,,,,,,,,,,,,,,,,,,,,,,,
wood_groans,,,SFX\Levels\Makin\ewok_hut\wood_groans\wood_snaps.wav,,0.8,0.8,1,1,50,1000,2500,curve4,,3,reject,,,full_vol,,3d,,,,,,,,,tower_splash,,,,,,,,,,,,0,,,,,100,100,0.25,1
wood_crack,,,SFX\Levels\Makin\ewok_hut\wood_groans\wood_groans.wav,,1,1,1,1,500,1200,2500,curve4,,3,reject,,,full_vol,,3d,,,,,,,,,wood_groans,,,,,,,,,,,,0,,,,,100,100,0.25,1
tower_splash,,,SFX\Levels\Makin\ewok_hut\splash\big_splash.wav,,1,1,1,1,500,2000,3500,curve4,,3,reject,,,full_vol,,3d,,,,,,,,,,,,2150,,,,,,,,,0,,,,,100,100,0.25,1
tower_splash_lowpitch,,,SFX\Levels\Makin\ewok_hut\splash\big_splash.wav,,0.7,0.7,0.9,0.9,500,2000,3500,curve4,,3,reject,,,full_vol,,3d,,,,,,,,,,,,,,,,,,,,,0,,,,,100,100,0.25,1
wood_pre_crack,,,SFX\Levels\Makin\ewok_hut\crack_##,,0.7,1,0.9,1.1,500,1200,2500,curve4,,6,reject,,,full_vol,,3d,,,,,,,,,,,,,,,,,,,,,0,,,,,100,100,0.25,1
,,,,,,,,,,,,,,,,,,,,,,,,,,,,,,,,,,,,,,,,,,,,,,,,,
,,,,,,,,,,,,,,,,,,,,,,,,,,,,,,,,,,,,,,,,,,,,,,,,,
#Birds On Path,,,,,,,,,,,,,,,,,,,,,,,,,,,,,,,,,,,,,,,,,,,,,,,,,
bush_rustle_00,,,SFX\Levels\Makin\birds\rustle_00.wav,,1,1,1,1,500,2000,3500,curve4,,,,,,ambience,,3d,,,,,,,,,,,,2150,,,,,,,,,0,,,,,100,100,0.25,1
bush_rustle_01,,,SFX\Levels\Makin\birds\rustle_01.wav,,1,1,1,1,500,2000,3500,curve4,,,,,,ambience,,3d,,,,,,,,,,,,2150,,,,,,,,,0,,,,,100,100,0.25,1
birds_explode,,,null.wav,,1,1,1,1,500,2000,3500,curve4,,,,,,ambience,,3d,,,,,,,,,,,,2150,,,,,,,,,0,,,,,100,100,0.25,1
birds_fly_away,,,null.wav,,1,1,1,1,500,2000,3500,curve4,,,,,,ambience,,3d,,,,,,,,,,,,2150,,,,,,,,,0,,,,,100,100,0.25,1
#Grenadier,,,,,,,,,,,,,,,,,,,,,,,,,,,,,,,,,,,,,,,,,,,,,,,,,
japanese_yell_banzai,,,SFX\Levels\Makin\grenadier\banzai_yell.wav,,0.8,0.8,1,1,500,1500,1600,curve3,,,,,,ambience,,3d,streamed,,,,,,,,,,,1000,,,,,,,,,0,,,,,100,100,0.25,1
body_thump,,,SFX\Levels\Makin\grenadier\body_thump.wav,,0.8,0.8,1,1,500,1500,1600,curve4,,,,,,ambience,,3d,,,,,,,,,us_grunt,,,,,,,,,,,,0,,,,,100,100,0.25,1
body_drop_dirt,,,SFX\Levels\Makin\IGC\intro\body\mitch_dead.wav,,1,1,1,1,1000,1500,1600,curve2,,,,,,ambience,,3d,,,,,,,,,,,,900,,,,,,,,,0.2,,,,,100,100,0.25,1
us_grunt,,,battlechatter\us\0\US_0_pain_small_00.wav,,0.8,0.8,1,1,500,1500,1600,curve3,,,,,,ambience,,3d,streamed,,,,,,,,body_drop_dirt,,,,,,,,,,,,0,,,,,100,100,0.25,1
#Showdown,,,,,,,,,,,,,,,,,,,,,,,,,,,,,,,,,,,,,,,,,,,,,,,,,
door_bash_open,,,SFX\Levels\Makin\showdown\door_bash.wav,,1,1,1,1,1200,1200,1300,curve2,,,,,,ambience,,3d,,,,,,,,,,,,,,,,,,,,,0,,,,,100,100,0.25,1
japanese_yell_american,,,battlechatter\ja\0\JA_0_order_action_boost_03.wav,,0.8,0.8,1,1,500,1500,1600,curve3,,,,,,ambience,,3d,streamed,,,,,,,,,,,,,,,,,,,,,,,,,100,100,0.25,1
body_splash,,,SFX\Levels\Makin\showdown\body_splash.wav,,1,1,1,1,1200,1200,1300,curve2,,,,,,ambience,,3d,,,,,,,,,,,,,,,,,,,,,0,,,,,100,100,0.25,1
#AMBUSH,,,,,,,,,,,,,,,,,,,,,,,,,,,,,,,,,,,,,,,,,,,,,,,,,
amb_yelling,,,SFX/Levels/Peleliu_1/walla/walla_americans_large.wav,,1,1,0.9,1.02,10,3000,,,,,,,,ambience,,3d,streamed,,,,,,,,,,,,,,,,,,,,,,,,,100,100,0.25,1
amb_yelling_japanese,,,Stream\Level\mak\yelling\japanese_yelling.wav,,1,1,0.9,1.02,10,3000,,,,,,,,ambience,,3d,streamed,,,,,,,,,,,,,,,,,,,,,,,,,100,100,0.25,1
japanese_yell_ambush,,,battlechatter\ja\3\JA_3_threat_infantry_exposed_S.wav,,1,1,1,1,2250,5000,5100,curve5,,,,,,ambience,,3d,,,,,,,,,,,,,,,,,,,,,,,,,,80,100,0.25,1
redshirt_stabbed,,,SFX\Levels\Makin\IGC\intro\body\int_stabbed.wav,,1,1,1,1,2250,2500,5100,curve5,,,,,,ambience,,2d,,,,,,,,,,,,,wpn_all,,,,,,,,0.2,,,,,100,100,0.25,1
hut_creak,,,Stream\Level\mak\hut\hut_creak.wav,,1,1,0.8,1.05,1500,2000,2100,curve4,,,,,,full_vol,,3d,,,looping,,,,,,,,,,,,,,,,,,0.15,,,,,100,100,0.15,1
snare_trap_yell,,yes,battlechatter\us\1\US_1_death_large_00.wav,,1,1,0.8,1.05,3000,5500,5800,,,,,,,full_vol,,3d,,,looping,,,,,,,,,,,,,,,,,,0.15,,,,,100,100,0.15,1
#Guys Getting Owned,,,,,,,,,,,,,,,,,,,,,,,,,,,,,,,,,,,,,,,,,,,,,,,,,
yell_1,,,battlechatter\us\3\US_3_pain_large_17.wav,,1,1,0.9,1.02,1000,3000,4200,,,,,,,voice,,3d,streamed,,,,,,,,,,,,,,,,,,,,,,,,,100,100,0.25,1
yell_2,,,battlechatter\us\0\US_0_pain_large_13.wav,,1,1,0.9,1.02,1000,3000,4200,,,,,,,voice,,3d,streamed,,,,,,,,,,,250,,,,,,,,,,,,,,100,100,0.25,1
yell_3,,,battlechatter\us\2\US_2_death_large_01.wav,,1,1,0.9,1.02,1000,3000,4200,,,,,,,voice,,3d,streamed,,,,,,,,yell_1,,,500,,,,,,,,,,,,,,100,100,0.25,1
yell_4,,,battlechatter\us\1\US_1_death_large_00.wav,,1,1,0.9,1.02,1000,3000,4200,,,,,,,voice,,3d,streamed,,,,,,,,yell_2,,,,,,,,,,,,,,,,,100,100,0.25,1
# TRUCK SEQUENCE,,,,,,,,,,,,,,,,,,,,,,,,,,,,,,,,,,,,,,,,,,,,,,,,,
truck_door_open,,,SFX\Levels\Makin\truck\truck\door_open.wav,,1,1,0.9,1.02,500,3000,3200,,,,,,,full_vol,,2d,,,,master,,,,,suspension_creak,,,,,0,,,,,,,,,,,,100,100,0.25,1
suspension_creak,,,SFX\Levels\Makin\truck\truck\suspension_creak.wav,,1,1,0.9,1.02,500,3000,3200,,,,,,,full_vol,,2d,,,,master,,,,,,,,1200,,0,,,,,,,,,,,,100,100,0.25,1
truck_door_close,,,SFX\Levels\Makin\truck\truck\door_close.wav,,1,1,0.9,1.02,500,3000,3200,,,,,,,full_vol,,2d,,,,master,,,,,,,,,,0,,,,,,,,,,,,100,100,0.25,1
tailgate_open,,,SFX\Levels\Makin\truck\tailgate\tail_gate.wav,,1,1,0.9,1.02,500,3000,3200,,,,,,,full_vol,,2d,,,,master,,,,,barrel_hit_knife_scripted,,,1200,,0,,,,,,,,,,,,100,100,0.25,1
barrel_hit_knife,,,null.wav,,1,1,0.9,1.02,500,3000,3200,,,,,,,full_vol,,2d,,,,master,,,,,,,,4500,wpn_all,0,,,,,,,,,,,,100,100,0.25,1
barrel_hit_knife_scripted,,,SFX\Levels\Makin\truck\barrel\barrel_stab_b.wav,,1,1,0.9,1.02,500,3000,3200,,,,,,,full_vol,,2d,,,,master,,,,,,,,4500,wpn_all,0,,,,,,,,,,,,100,100,0.25,1
truck_roll,,,SFX\Levels\Makin\truck\truck\truck_noeng.wav,,1,1,0.9,1.02,500,3000,3200,curve2,,,,,,full_vol,,3d,,,,master,,,,,truck_drive,,,,,0,,,,,,,,,,,,100,100,0.25,1
flame_on,,,SFX\Levels\Makin\truck\fire\flame_on_path.wav,,1,1,0.9,1.02,1000,3000,3500,curve2,,,,,,full_vol,,3d,,,,master,,,,,,,,,,0,,,,,,,,,,,,100,100,0.25,1
imp_fence,,,SFX\Levels\Makin\truck\fence\imp_fence.wav,,1,1,0.9,1.02,1500,5000,5000,,,,,,,full_vol,,3d,,,,master,,,,,,,,,,0,,,,,,,0,no,no,,,100,100,0.25,1
truck_hit_tower,,,SFX\Levels\Makin\truck\truck\hit_tower.wav,,1,1,1,1,10000,12000,15000,curve4,,,,,,full_vol,,3d,,,,master,,,,,,,,,,0,,,,,,,0,no,no,,,100,100,0.25,1
tower_explosion,,,SFX\Levels\Makin\truck\tower\mak_tower_fall_imp.wav,,1,1,1,1,20000,50000,55000,curve5,curve5,,,,,full_vol,,3d,,,,master,,,,,,,,2000,,0,,,,,,,0,no,no,,,100,100,0.25,1
bomb_falloff,,,SFX/Destruction/Explosion_Falloff_##,,0.5,0.5,0.9,1.1,2000,20000,,,,,,,,full_vol,,2d,,,,master,,,,,,,,1800,,0,,,,,,,0,no,no,,,100,100,0.25,0.75
tower_creak,,,SFX\Levels\Makin\truck\tower\tower_creak.wav,,1,1,0.9,1.02,1500,5000,5000,,,,,,,full_vol,,3d,,,,master,,,,,,,,,,0,,,,,,,0,no,no,,,100,100,0.25,1
tower_collapse,,,SFX\Levels\Makin\truck\tower\tower_collapse_alt.wav,,1,1,0.9,1.02,1500,5000,5000,,,,,,,full_vol,,3d,,,,master,,,,,,,,,,0,,,,,,,0,no,no,,,100,100,0.25,1
truck_start,,,SFX\Levels\Makin\truck\truck\engine\truck_start.wav,,1,1,0.9,1.02,1000,3000,3200,,,,,,,full_vol,,3d,,,,,,,,,suspension_creak,,,,,0,,,,,,,0,,,,,100,100,0.25,1
truck_idle,,,SFX\Levels\Makin\truck\truck\engine\truck_idle.wav,,1,1,0.9,1.02,500,1000,1200,,,,,,,full_vol,,3d,,,looping,master,,,,,,,,,,0,,,,,,,0,,,,,100,100,0.25,1
truck_drive,,,SFX\Levels\Makin\truck\truck\engine\truck_drive.wav,,1,1,0.9,1.02,500,3000,3200,,,,,,,full_vol,,3d,,,,,,,,,suspension_creak,,,,,0,,,,,,,0,,,,,100,100,0.25,1
tower_explo_flux_l,,,SFX/Weapon/Gren/Gen_Gren/gren_trail/gren_trail_00.wav,,0.4,0.6,1,1,500,2000,,,,,,,,full_vol,,3d,,,,master,,,,,tower_explo_flux_r,,,,,,,,,,,,,no,yes,left_player,3,50,90,0.25,1
tower_explo_flux_r,,,SFX/Weapon/Gren/Gen_Gren/gren_trail/gren_trail_00.wav,,0.4,0.6,1,1,500,2000,,,,,,,,full_vol,,3d,,,,master,,,,,,,,,,,,,,,,,,no,yes,right_player,3,50,90,0.25,1
,,,,,,,,,,,,,,,,,,,,,,,,,,,,,,,,,,,,,,,,,,,,,,,,,
veh_explo_large,,,SFX\Destruction\vehicle\special\vehicle_06.wav,,1,1,1,1,4000,12000,22000,curve3,curve2,,,,,explosion,,3d,,,,master,,,,,,,,1500,,0,,,,,,,0,no,no,,,100,100,0.25,1
# Bunker Door Sequence,,,,,,,,,,,,,,,,,,,,,,,,,,,,,,,,,,,,,,,,,,,,,,,,,
door_guy_yell,,,battlechatter\ja\0\JA_0_order_action_boost_02.wav,,1,1,0.9,1.02,500,3000,5000,,,,,,,full_vol,,3d,streamed,,,,,,,,,,,,,,,,,,,,,,,,,100,100,0.25,1
door_squeak_open,,,SFX\Levels\Makin\bunker\door\door_squeak_open.wav,,1,1,0.9,1.02,500,3000,5000,,,,,,,full_vol,,3d,,,,,,,,,,,,,,,,,,,,,,,,,,100,100,0.25,1
door_slam_arm,,,SFX\Levels\Makin\bunker\door\door_slam_arm.wav,,1,1,0.9,1.02,500,3000,5000,,,,,,,full_vol,,3d,,,,,,,,,door_break_bone,,,,,,,,,,,,,,,,,100,100,0.25,1
door_break_bone,,,SFX\Levels\Makin\bunker\door\door_break_bone.wav,,1,1,0.9,1.02,500,3000,5000,,,,,,,full_vol,,3d,,,,,,,,,guy_scream,,,500,,,,,,,,,,,,,,100,100,0.25,1
guy_scream,,,battlechatter\ja\0\JA_0_pain_large_08.wav,,1,1,0.9,1.02,500,3000,5000,,,,,,,full_vol,,3d,,,,,,,,,,,,850,,,,,,,,,,,,,,100,100,0.25,1
sullivan_grunt,,,battlechatter\us\r\US_roe_melee_small_00.wav,,1,1,0.9,1.02,500,3000,5000,,,,,,,full_vol,,3d,streamed,,,,,,,,,,,850,,,,,,,,,,,,,,100,100,0.25,1
,,,,,,,,,,,,,,,,,,,,,,,,,,,,,,,,,,,,,,,,,,,,,,,,,
# Katana Guy at End,,,,,,,,,,,,,,,,,,,,,,,,,,,,,,,,,,,,,,,,,,,,,,,,,
katana_guy_yell,,,SFX\Levels\Peleliu_1\outro\outro_banzai.wav,,1,1,0.9,1.02,500,3000,6000,curve4,curve4,,,,,full_vol,,3d,streamed,,,,,,,,katana_guy_foley,,,2000,,,,,,,,,0,,,,,100,100,0.25,1
katana_guy_foley,,,SFX\Levels\Makin\katana_guy_foley.wav,,1,1,0.9,1.02,500,3000,6000,curve4,curve4,,,,,full_vol,,3d,,,,,,,,,,,,2000,,,,,,,,,0,,,,,100,100,0.25,1
,,,,,,,,,,,,,,,,,,,,,,,,,,,,,,,,,,,,,,,,,,,,,,,,,
# Snare Trap Sequence,,,,,,,,,,,,,,,,,,,,,,,,,,,,,,,,,,,,,,,,,,,,,,,,,
trap_spring,,,SFX\Levels\Makin\trap\trap_spring.wav,,1,1,1,1,500,3000,6000,curve4,curve4,,,,,full_vol,,3d,,,,,,,,,,,,,,,,0.5,,,,,0,,,,,100,100,0.25,1
trap_tree_whip,,,SFX\Levels\Makin\trap\trap_tree_whip.wav,,1,1,1,1,500,3000,6000,curve4,curve4,,,,,full_vol,,3d,,,,,,,,,,,,,,,,0.5,,,,,0,,,,,100,100,0.25,1
,,,,,,,,,,,,,,,,,,,,,,,,,,,,,,,,,,,,,,,,,,,,,,,,,
# Planting Charge,,,,,,,,,,,,,,,,,,,,,,,,,,,,,,,,,,,,,,,,,,,,,,,,,
mak_charge_planting,,,SFX\Levels\Makin\charge_plant\Mak_planting.wav,,0.6,0.6,1,1,200,600,1200,curve4,curve4,1,oldest,,,full_vol,,3d,streamed,,,,,,,,,,,,,,,0.5,,,,,0,,,,,100,100,0.25,1
mak_charge_set,,,SFX\Levels\Makin\charge_plant\mak_place_charge.wav,,0.6,0.6,1,1,200,600,1200,curve4,curve4,,,,,full_vol,,3d,,,,,,,,,,,,,,,,0.5,,,,,0,,,,,100,100,0.25,1
rocket_dirt,,,SFX\Weapon\Gren\Gen_Gren\Fire\fire_04.wav,,1,1,0.9,1.1,2000,5000,,,,,,,,full_vol,,3d,,,,,,,,,bomb_falloff,,,,,0,,,,,,,0,no,no,,,100,100,0.25,0.75
rocket_dirt_scripted,,,SFX\Weapon\Gren\Gen_Gren\Fire\fire_04.wav,,1,1,1,1,2000,5000,,,,,,,,full_vol,,2d,,,,master,,,,,bomb_falloff,,,,wpn_all,0,,,,,,,0,no,no,,,100,100,0.25,0.75
# Shoot Out Spotlight,,,,,,,,,,,,,,,,,,,,,,,,,,,,,,,,,,,,,,,,,,,,,,,,,
spotlight_break,,,SFX\Destruction\Glass\imp_glass_pane_##,,1,1,0.95,1.1,500,3000,6000,curve4,curve4,,,,,full_vol,,3d,,,,,,,,,,,,,,,,,,,,,0.2,,,,,90,90,0.25,1
,,,,,,,,,,,,,,,,,,,,,,,,,,,,,,,,,,,,,,,,,,,,,,,,,
# Boat Motor,,,,,,,,,,,,,,,,,,,,,,,,,,,,,,,,,,,,,,,,,,,,,,,,,
boat_run,,,SFX\Vehicles\motorboat\motorboat_run.wav,,0.6,0.6,1,1,100,850,1000,,,,,,,vehicle,,3d,streamed,,looping,,,,,,,,,,wpn_all,,,,,,,,0,,,,,100,100,0.25,1
boat_idle,,,SFX\Vehicles\motorboat\motorboat_idle.wav,,1,1,1,1,100,500,550,,,,,,,vehicle,,3d,,,looping,,,,,,,,,,,,,,,,,,0,,,,,100,100,0.25,1
boat_run_end,,,SFX\Vehicles\motorboat\motorboat_run.wav,,1,1,1,1,100,850,1000,,,,,,,vehicle,,3d,streamed,,looping,,,,,,,,,,,,,,,,,,0,,,,,100,100,0.25,1
boat_run_scripted,,,SFX\Vehicles\motorboat\motorboat_run.wav,,1,1,1,1,100,850,1000,,,,,,,vehicle,,2d,streamed,,looping,,,,,,,,,,wpn_all,,,,,,,,0,,,,,100,100,0.25,1
# bomb_foley,,,,,,,,,,,,,,,,,,,,,,,,,,,,,,,,,,,,,,,,,,,,,,,,,
npc_gun_pickup,,,SFX\Levels\sniper\intro_foley\move_gun.wav,,1,1,0.9,1.02,500,1200,1600,,,,,,,character,,3d,,,,,,,,,gear_rattle_enemy,,,,,,,,,,,,0,no,no,,,100,100,0.25,1
bomb_place,,,SFX\Levels\Makin\bunker\bomb\bomb_place.wav,,1,1,0.9,1.02,500,1200,1600,,,,,,,character,,3d,,,,,,,,,gear_rattle_enemy,,,,,,,,,,,,0,no,no,,,100,100,0.25,1
bomb_tick_loop,,,SFX\Levels\Makin\bunker\bomb\bomb_tick.wav,,1,1,0.9,1.02,125,800,1400,,,,,,,ambience,,3d,,,looping,,,,,,,,,,,,,,,,,,0,no,no,,,100,100,0.25,1
,,,,,,,,,,,,,,,,,,,,,,,,,,,,,,,,,,,,,,,,,,,,,,,,,
# Outro,,,,,,,,,,,,,,,,,,,,,,,,,,,,,,,,,,,,,,,,,,,,,,,,,
dew,,,SFX\Levels\Berlin_2\wave\dew_01.wav,,0.6,0.6,0.9,1.02,500,1200,1600,,,,,,,full_vol,,2d,,,,,,,,,sullivan_shot,,,500,,,,,,,,,0,no,no,,,100,100,0.25,1
Mak1_OUT_300a_SULL,,yes,voiceovers\makin\mast\Mak1_OUT_300a_SULL.wav,,1,1,0.9,1.02,500,1200,1600,,,,,,,full_vol,,2d,,,,,,,,,,,,4000,,,,,,,,,0,no,no,,,100,100,0.25,1
sullivan_shot,,,SFX\Levels\Makin\outro\sullivan_shot.wav,,1,1,1,1,500,1200,1600,,,,,,,full_vol,,2d,,,,,,,,,head_gibs,,,5000,wpn_all,,,,,,,,0,no,no,,,100,100,0.25,1
head_gibs,,,SFX\Levels\Makin\outro\head_gib.wav,,1,1,0.9,1.02,500,1200,1600,,,,,,,full_vol,,2d,,,,,,,,,weap_sul_move_mn_l,,,6000,wpn_all,,,,,,,,0,no,no,,,100,100,0.25,1
player_stabbed,,,SFX\Levels\Makin\IGC\intro\knife\slit_throat.wav,,1,1,0.9,1.02,500,1200,1600,,,,,,,full_vol,,2d,,,,,,,,,player_scream,,,,wpn_all,,,,,,,,0,no,no,,,100,100,0.25,1
player_scream,,,SFX\Levels\Makin\outro\player_scream.wav,,0.8,0.8,1,1,500,1200,1600,,,,,,,full_vol,,2d,,,,,,,,,,,,500,,,,,,,,,0,no,no,,,100,100,0.25,1
foley_banzai_window,,,SFX\Levels\Makin\IGC\intro\knife\knife_boot.wav,,1,1,0.9,1.02,500,1200,1600,,,,,,,full_vol,,2d,,,,,,,,,,,,,wpn_all,,,,,,,,0,no,no,,,100,100,0.25,1
sword_swing,,,SFX\Levels\Makin\IGC\intro\cane\wsh\wsh_00.wav,,0.75,0.75,1,1,10,2200,,curve2,,,,,,full_vol,,2d,,,,,,,,,,,,,,,,,,,,,0.2,,,,,100,100,0.25,1
,,,,,,,,,,,,,,,,,,,,,,,,,,,,,,,,,,,,,,,,,,,,,,,,,
drag,,,SFX\Levels\Makin\outro\drag_##,,0.4,0.4,1,1,10,2200,,curve2,,,,,,full_vol,,2d,,,,,,,,,,,,,,,,,,,,,0.2,,,,,100,100,0.25,1
weap_sul_move_mn_l,,,SFX/Weapon/Rifle/M1_Carbine/Fire/ring/car_m_left.wav,,1,1,1,1,500,1200,1600,,,,,,,full_vol,,2d,,,,,,,,,weap_sul_move_mn_r,,,5000,,,,,,,,,0,,,,,100,100,0.25,1
weap_sul_move_mn_r,,,SFX/Weapon/Rifle/M1_Carbine/Fire/ring/car_m_right.wav,,1,1,1,1,500,1200,1600,,,,,,,full_vol,,2d,,,,,,,,,shell_eject_rifle,,,5000,,,,,,,,,0,,,,,100,100,0.25,1
,,,,,,,,,,,,,,,,,,,,,,,,,,,,,,,,,,,,,,,,,,,,,,,,,
player_scream_cool,,,voiceovers\vfx\mak_scream\mak_scream_player.wav,,1,1,1,1,500,1200,1600,,,,,,,full_vol,,2d,,,,,,,,,,,,,wpn_all,,,,,,,,0,no,no,,,100,100,0.25,1
# INTRO SFX,,,,,,,,,,,,,,,,,,,,,,,,,,,,,,,,,,,,,,,,,,,,,,,,,
cane_wsh_00,,,SFX\Levels\Makin\IGC\intro\cane\wsh\wsh_00.wav,,0.6,0.6,1,1,10,2200,,curve2,,,,,,voice,,3d,,,,,,,,,,,,,,,,,,,,,0.2,,,,,100,100,0.25,1
cane_wsh_01,,,SFX\Levels\Makin\IGC\intro\cane\wsh\wsh_01.wav,,0.6,0.6,1,1,10,2200,,curve2,,,,,,voice,,3d,,,,,,,,,,,,,,,,,,,,,0.2,,,,,100,100,0.25,1
cane_wsh_02,,,SFX\Levels\Makin\IGC\intro\cane\wsh\wsh_02.wav,,0.75,0.75,1,1,10,2200,,curve2,,,,,,voice,,3d,,,,,,,,,,,,,,,,,,,,,0.2,,,,,100,100,0.25,1
cane_wsh_03,,,SFX\Levels\Makin\IGC\intro\cane\wsh\wsh_03.wav,,0.75,0.75,1,1,10,2200,,curve2,,,,,,voice,,3d,,,,,,,,,,,,,,,,,,,,,0.2,,,,,100,100,0.25,1
cane_hit_00,,,SFX\Levels\Makin\IGC\intro\cane\hit\hit_00.wav,,0.35,0.35,1,1,10,2200,,curve2,,,,,,voice,,3d,,,,,,,,,,,,,,0.35,,,,,,,0.2,,,,,100,100,0.25,1
cane_hit_01,,,SFX\Levels\Makin\IGC\intro\cane\hit\hit_01.wav,,0.25,0.25,1,1,10,2200,,curve2,,,,,,voice,,3d,,,,,,,,,,,,,,0.35,,,,,,,0.2,,,,,100,100,0.25,1
cane_hit_02,,,SFX\Levels\Makin\IGC\intro\cane\hit\hit_02.wav,,0.35,0.35,1,1,10,2200,,curve2,,,,,,voice,,3d,,,,,,,,,,,,,,0.35,,,,,,,0.2,,,,,100,100,0.25,1
cane_hit_03,,,SFX\Levels\Makin\IGC\intro\cane\hit\hit_03.wav,,0.35,0.35,1,1,10,2200,,curve2,,,,,,voice,,3d,,,,,,,,,mitch_cough,,,,,0.35,,,,,,,0.2,,,,,100,100,0.25,1
,,,,,,,,,,,,,,,,,,,,,,,,,,,,,,,,,,,,,,,,,,,,,,,,,
smoking_inhale,,,SFX\Levels\Makin\IGC\intro\cigarette\inhale_00.wav,,0.85,0.85,1,1,20,150,,curve0,,,,,,voice,,3d,,,,,,,,,,,,,,,,,,,,,0,,,,,100,100,0.25,1
smoking_exhale,,,SFX\Levels\Makin\IGC\intro\cigarette\exhale_00.wav,,1,1,1,1,20,150,,curve0,,,,,,voice,,3d,,,,,,,,,,,,,,,,,,,,,0,,,,,100,100,0.25,1
slit_throat,,,SFX\Levels\Makin\IGC\intro\knife\slit_throat.wav,,0.5,0.5,1,1,10,2200,,curve2,,1,reject,,,voice,,3d,,,,,,,,,int_grab_plr,,,,,,,,,,,,0.2,,,,,100,100,0.25,1
spit,,,SFX\Levels\Makin\IGC\intro\spit\spit.wav,,1,1,1,1,10,2200,,curve2,,,,,,voice,,3d,,,,,,,,,spit_breath,,,,,,,,,,,,0.2,,,,,100,100,0.25,1
player_shock_oneshot,,,SFX\Levels\Makin\IGC\intro\player_shock\ps_one_shot.wav,,0.75,0.75,1,1,10,2200,,curve2,,,,,,voice,,2d,,,,,,,,,,,,1500,,,,,,,,,0.2,,,,,100,100,0.25,1
player_shock_loop,,,SFX\Levels\Makin\IGC\intro\player_shock\player_shock_loopX.wav,,0.75,0.75,1,1,10,2200,,curve2,,,,,,voice,,2d,,,looping,,,,,,,,,,,,,,,,,,0.2,,,,,100,100,0.25,1
player_shock_silent,,,SFX\Levels\Makin\IGC\intro\player_shock\player_shock_loopX.wav,,0.75,0.75,1,1,10,2200,,curve2,,,,,,voice,,2d,,,looping,,,,,,,,,,,,,,,,,,0.2,,,,,100,100,0.25,1
player_shock_end,,,SFX\Levels\Makin\IGC\intro\player_shock\player_shock_end.wav,,0.75,0.75,1,1,10,2200,,curve2,,,,,,voice,,2d,,,,,,,,,,,,,,,,,,,,,0.2,,,,,100,100,0.25,1
blood_splatter,,,SFX\Levels\Makin\IGC\intro\blood_splatter\blood_splatter.wav,,1,1,1,1,400,2200,,curve2,,1,reject,,,voice,,3d,,,,,,,,,,,,100,,0.35,,,,,,,0.2,,,,,100,100,0.25,1
burn_eye,,,SFX\Levels\Makin\IGC\intro\cigarette\burn_eye.wav,,1,1,1,1,400,2200,,curve2,,,,,,voice,,3d,,,,,,,,,mitch_cough_2,,,100,,0.35,,,,,,,0.2,,,,,100,100,0.25,1
burn_breath,,,SFX\Levels\Makin\IGC\intro\foley\body\breathing_00.wav,,0.3,0.3,1,1,400,2200,,curve2,,,,,,voice,,3d,,,,,,,,,,,,1000,,0.35,,,,,,,0.2,,,,,100,100,0.25,1
mitch_cough_2,,,SFX\Levels\Makin\IGC\intro\body\mitch_eye_pain.wav,,0.55,0.55,1,1,400,2200,,curve2,,,,,,voice,,3d,,,,,,,,,,,,2850,,0.35,,,,,,,0.2,,,,,100,100,0.25,1
mitch_cough,,,SFX\Levels\Makin\IGC\intro\foley\body\cough_00.wav,,0.75,0.75,1,1,400,2200,,curve2,,,,,,voice,,3d,,,,,,,,,,,,1000,,0.35,,,,,,,0.2,,,,,100,100,0.25,1
spit_breath,,,SFX\Levels\Makin\IGC\intro\foley\body\breathing_00.wav,,0.15,0.15,0.9,0.9,400,2200,,curve1,,,,,,voice,,3d,,,,,,,,,,,,500,,0.35,,,,,,,0.2,,,,,100,100,0.25,1
knife_boot,,,SFX\Levels\Makin\IGC\intro\knife\knife_boot.wav,,0.4,0.4,1,1,400,2200,,curve2,,,,,,voice,,3d,,,,,,,,,int_growl,,,,,0.35,,,,,,,0.2,,,,,100,100,0.25,1
int_growl,,,SFX\Levels\Makin\IGC\intro\body\int_growl.wav,,0.5,0.5,1,1,400,2200,,curve2,,,,,,voice,,3d,,,,,,,,,Mak1_INT_005B_MITC,,,4000,,0.35,,,,,,,0.2,,,,,100,100,0.25,1
kick_mitch,,,SFX\Levels\Makin\IGC\intro\body\mitch_boot.wav,,0.4,0.4,1,1,400,2200,,curve2,,,,,,voice,,3d,,,,,,,,,mitch_dirt,,,,,0.35,,,,,,,0.2,,,,,100,100,0.25,1
mitch_dirt,,,SFX\Levels\Makin\IGC\intro\body\mitch_dead.wav,,0.4,0.4,1,1,400,2200,,curve2,,,,,,voice,,3d,,,,,,,,,mitch_gurgle,,,900,,0.35,,,,,,,0.2,,,,,100,100,0.25,1
officer_grunt,,,SFX\Levels\Makin\IGC\intro\body\int_scream.wav,,0.7,0.7,1,1,400,2200,,curve2,,,,,,voice,,3d,,,,,,,,,,,,200,,0.35,,,,,,,0.2,,,,,100,100,0.25,1
officer_stabbed,,,SFX\Levels\Makin\IGC\intro\body\int_stabbed.wav,,1,1,1,1,400,2200,,curve2,,,,,,voice,,3d,,,,,,,,,officer_grunt,,,,wpn_all,0.35,,,,,,,0.2,,,,,100,100,0.25,1
officer_bodyfall,,,SFX\Levels\Makin\IGC\intro\body\mitch_dead.wav,,0.5,0.5,0.9,0.9,400,2200,,curve2,,,,,,voice,,3d,,,,,,,,,,,,,,0.35,,,,,,,0.2,,,,,100,100,0.25,1
mitch_gurgle,,,SFX\Levels\Makin\IGC\intro\body\mitch_gurgle.wav,,0.5,0.5,1,1,400,2200,,curve2,,,,,,voice,,3d,,,,,,,,,player_shock_oneshot,,,700,,0.35,,,,,,,0,,,,,100,100,0.25,1
,,,,,,,,,,,,,,,,,,,,,,,,,,,,,,,,,,,,,,,,,,,,,,,,,
smack_00,,,SFX\Levels\Makin\IGC\intro\cane\hit\hit_00.wav,,0.1,0.1,0.75,0.75,10,1000,,curve2,,,,,,voice,,3d,,,,,,,,,,,,,,0.35,,,,,,,0.2,,,,,100,100,0.25,1
smack_01,,,SFX\Levels\Makin\IGC\intro\cane\hit\hit_01.wav,,0.1,0.1,0.75,0.75,10,1000,,curve2,,,,,,voice,,3d,,,,,,,,,grunt_outside_01,,,,,0.35,,,,,,,0.2,,,,,100,100,0.25,1
smack_02,,,SFX\Levels\Makin\IGC\intro\hits\bg_char\body_blow.wav,,0.1,0.1,1,1,10,1000,,curve2,,,,,,voice,,3d,,,,,,,,,grunt_outside_02,,,,,0.35,,,,,,,0.2,,,,,100,100,0.25,1
smack_03,,,SFX\Levels\Makin\IGC\intro\cane\hit\hit_03.wav,,0.1,0.1,0.75,0.75,10,1000,,curve2,,,,,,voice,,3d,,,,,,,,,grunt_outside_03,,,,,0.35,,,,,,,0.2,,,,,100,100,0.25,1

grunt_outside_01,,,battlechatter\us\0\US_0_pain_small_05.wav,,0.15,0.15,0.75,1,10,1500,,curve2,,,,,,voice,,3d,,,,,,,,,,,,25,,0.35,,,,,,,0.2,,,,,100,100,0.25,1
grunt_outside_02,,,battlechatter\us\0\US_0_pain_small_06.wav,,0.15,0.15,0.75,1,10,1500,,curve2,,,,,,voice,,3d,,,,,,,,,,,,25,,0.35,,,,,,,0.2,,,,,100,100,0.25,1
grunt_outside_03,,,battlechatter\us\0\US_0_pain_small_07.wav,,0.15,0.15,0.75,1,10,1500,,curve2,,,,,,voice,,3d,,,,,,,,,,,,25,,0.35,,,,,,,0.2,,,,,100,100,0.25,1
int_grab_plr,,,SFX\Levels\Makin\IGC\intro\body\int_grunt_b.wav,,1,1,1,1,400,2200,,curve2,,,,,,voice,,3d,,,,,,,,,,,,,,0.35,,,,,,,0.2,,,,,100,100,0.25,1


shuffle_right,,,SFX/Character/Footsteps/wood_run_##,,0.2,0.3,0.85,1.05,50,200,215,curve2,,,,,,character,,3d,,,,,,,,,,,,,,,,,,,,,,,,,,100,100,0.25,1
shuffle_left,,,SFX/Character/Footsteps/wood_run_##,,0.2,0.3,0.85,1.05,50,200,215,curve2,,,,,,character,,3d,,,,,,,,,,,,,,,,,,,,,,,,,,100,100,0.25,1
shuffle_feet,,,SFX/Character/Footsteps/wood_run_##,,0.1,0.15,0.85,0.95,50,100,200,curve2,,,,,,character,,3d,,,,,,,,,,,,,,,,,,,,,,,,,,100,100,0.25,1
# INTRO FOLEY,,,,,,,,,,,,,,,,,,,,,,,,,,,,,,,,,,,,,,,,,,,,,,,,,
fly_grab_mitch,,,SFX\Character\Foley\fabric\grab\grab_01.wav,,0.8,0.8,1,1,10,2200,,curve2,,,,,,character,,3d,,,,,,,,,,,,,,,,,,,,,,,,,,100,100,0.25,1
officer_grabs_player,,,SFX\Character\Foley\fabric\grab\grab_00.wav,,1,1,1,1,10,2200,,curve2,,,,,,character,,3d,,,,,,,,,int_grab_plr,,,,,,,,,,,,,,,,,100,100,0.25,1
officer_pull_mitch_up,,,SFX\Character\Foley\fabric\grab\grab_04.wav,,0.8,0.8,1,1,500,2200,,curve2,,,,,,character,,3d,,,,,,,,,,,,25,,,,,,,,,,,,,,100,100,0.25,1
officer_stand_up,,,SFX\Character\Foley\fabric\rustle\rustle.wav,,1,1,1,1,500,2200,,curve2,,,,,,character,,3d,,,,,,,,,,,,155,,,,,,,,,,,,,,100,100,0.25,1
fly_gun_handle,,,SFX\Character\Foley\fabric\gun\gun_handle_00.wav,,1,1,1,1,500,2200,,curve2,,,,,,character,,3d,,,,,,,,,,,,,,,,,,,,,,,,,,100,100,0.25,1
,,,,,,,,,,,,,,,,,,,,,,,,,,,,,,,,,,,,,,,,,,,,,,,,,
# IGC,,,,,,,,,,,,,,,,,,,,,,,,,,,,,,,,,,,,,,,,,,,,,,,,,
# INTRO,,,,,,,,,,,,,,,,,,,,,,,,,,,,,,,,,,,,,,,,,,,,,,,,,
MITCH_Scream_00,,,voiceovers\makin\vfx\MITCH_Scream_07.wav,,0.4,0.4,1,1,200,1000,,curve1,,,,,,voice,,3d,primed,,,,,,,,,,,,,0.75,,,,,,,0.2,,,,,100,100,0.25,1
MITCH_Scream_01,,,voiceovers\makin\vfx\MITCH_Scream_07.wav,,0.4,0.4,1,1,200,1000,,curve1,,,,,,voice,,3d,primed,,,,,,,,cane_hit_00,,,,,0.75,,,,,,,0.2,,,,,100,100,0.25,1
MITCH_Scream_02,,,voiceovers\makin\vfx\MITCH_Scream_02.wav,,0.4,0.4,1,1,200,1000,,curve1,,,,,,voice,,3d,primed,,,,,,,,cane_hit_01,,,,,0.75,,,,,,,0.2,,,,,100,100,0.25,1
MITCH_Scream_03,,,voiceovers\makin\vfx\MITCH_Scream_03.wav,,0.4,0.4,1,1,200,1000,,curve1,,,,,,voice,,3d,primed,,,,,,,,cane_hit_02,,,,,0.75,,,,,,,0.2,,,,,100,100,0.25,1
MITCH_Scream_03b,,,voiceovers\makin\vfx\MITCH_Scream_01.wav,,1,1,1,1,200,1000,,curve1,,,,,,voice,,3d,primed,,,,,,,,cane_hit_03,,,,,0.75,,,,,,,0.2,,,,,100,100,0.25,1,
MITCH_Scream_04,,,voiceovers\makin\vfx\MITCH_Scream_04.wav,,1,1,1,1,200,1000,,curve1,,,,,,voice,,3d,primed,,,,,,,,,,,,,,,,,,,,0.2,,,,,100,100,0.25,1,
MITCH_Scream_05,,,voiceovers\makin\vfx\MITCH_Scream_05.wav,,1,1,1,1,200,1000,,curve1,,,,,,voice,,3d,primed,,,,,,,,burn_eye,,,300,,,,,,,,,0.2,,,,,100,100,0.25,1,
MITCH_Scream_06,,,voiceovers\makin\vfx\MITCH_Scream_06.wav,,1,1,1,1,200,1000,,curve1,,,,,,voice,,3d,primed,,,,,,,,,,,,,,,,,,,,0.2,,,,,100,100,0.25,1,
MITCH_ThroatSlit_00,,,voiceovers\makin\vfx\MITCH_ThroatSlit_00.wav,,1,1,1,1,200,1000,,curve1,,,,,,voice,,3d,primed,,,,,,,,,,,,,,,,,,,,0.2,,,,,100,100,0.25,1,
MITCH_ThroatSlit_01,,,voiceovers\makin\vfx\MITCH_ThroatSlit_01.wav,,1,1,1,1,200,1000,,curve1,,,,,,voice,,3d,primed,,,,,,,,,,,,,,,,,,,,0.2,,,,,100,100,0.25,1,
MITCH_ThroatSlit_02,,,voiceovers\makin\vfx\MITCH_ThroatSlit_02.wav,,1,1,1,1,200,1000,,curve1,,,,,,voice,,3d,primed,,,,,,,,slit_throat,,,,,,,,,,,,0.2,,,,,100,100,0.25,1,
MITCH_ThroatSlit_03,,,voiceovers\makin\vfx\MITCH_ThroatSlit_03.wav,,1,1,1,1,200,1000,,curve1,,,,,,voice,,3d,primed,,,,,,,,,,,,,,,,,,,,0.2,,,,,100,100,0.25,1,
# IN GAME DIALOG,,,,,,,,,,,,,,,,,,,,,,,,,,,,,,,,,,,,,,,,,,,,,,,,,,
,,,,,,,,,,,,,,,,,,,,,,,,,,,,,,,,,,,,,,,,,,,,,,,,,,
#Officer Death,,,,,,,,,,,,,,,,,,,,,,,,,,,,,,,,,,,,,,,,,,,,,,,,,,
sullivan_struggle_1,,,SFX\Levels\Makin\IGC\intro\body\sullivan_struggle_1.wav,,0.25,0.25,1,1,200,1000,1600,curve2,,,,,,voice,,3d,,,,,,,,,,,,,,,,0.5,,,,,0.2,,,,,100,100,0.25,1,
sullivan_struggle_2,,,SFX\Levels\Makin\IGC\intro\body\sullivan_struggle_2.wav,,0.45,0.45,1,1,200,1000,1600,curve2,,,,,,voice,,3d,,,,,,,,,,,,,,,,0.5,,,,,0.2,,,,,100,100,0.25,1,
sullivan_officer_death,,,SFX\Levels\Makin\IGC\intro\body\officer_death.wav,,0.55,0.55,1,1,200,1000,1600,curve2,,,,,,voice,,3d,,,,,,,,,,,, ,,,,0.5,,,,,0.2,,,,,100,100,0.25,1,
sullivan_breath,,,SFX\Levels\Makin\IGC\intro\body\sullivan_breath.wav,,0.4,0.4,1,1,200,1000,1600,curve2,,,,,,voice,,3d,,,,,,,,,,,,,,,,0.5,,,,,0.2,,,,,100,100,0.25,1,
sullivan_pickup_helmet,,,SFX\Levels\Makin\IGC\intro\foley\gear\s_pickup_helmet.wav,,1,1,1,1,200,1000,1600,curve2,,,,,,voice,,3d,,,,,,,,,,,,,,,,0.5,,,,,0.2,,,,,100,100,0.25,1,
player_catch_helmet,,,SFX\Levels\Makin\IGC\intro\foley\gear\p_catch_helmet.wav,,1,1,1,1,200,1000,1600,curve2,,,,,,voice,,3d,,,,,,,,,player_wear_helmet,,,,,,,0.5,,,,,0.2,,,,,100,100,0.25,1,
player_wear_helmet,,,SFX\Levels\Makin\IGC\intro\foley\gear\p_wear_helmet.wav,,1,1,1,1,200,1000,1600,curve2,,,,,,voice,,2d,,,,,,,,,,,,1200,wpn_all,,,0.5,,,,,0.2,,,,,100,100,0.25,1,
#Vignettes,,,,,,,,,,,,,,,,,,,,,,,,,,,,,,,,,,,,,,,,,,,,,,,,,,
exp_hut_1_spc,,,SFX\Destruction\vehicle\special\vehicle_04.wav,,1,1,0.9,1.05,1000,8000,9000,curve4,,1,reject,1,reject,explosion,,3d,,,,,,,,pitch,exp_sweet_L,,,,,,0.25,,,,,,0,no,yes,,,100,100,0.25,1,
exp_hut_1,,,SFX\Destruction\vehicle\special\vehicle_04.wav,,1,1,0.9,1.05,1000,8000,9000,curve4,,1,reject,1,reject,explosion,,3d,,,,,,,,pitch,exp_sweet_L,,,,,,0.25,,,,,,0,no,yes,,,100,100,0.25,1,
exp_hut_2,,,SFX\Destruction\vehicle\special\vehicle_05.wav,,0.65,0.65,0.9,1.05,1000,8000,9000,curve4,,1,reject,1,reject,explosion,,3d,,,,,,,,pitch,barrel_explode_trail_l,,,,,,0.25,,,,,,0,no,no,,,100,100,0.25,1,
exp_hut_3,,,SFX\Destruction\vehicle\special\vehicle_06.wav,,0.85,0.85,0.9,1.05,1000,8000,9000,curve4,,1,reject,1,reject,explosion,,3d,,,,,,,,pitch,,,,,,,0.25,,,,,,0,no,no,,,100,100,0.25,1,
exp_hut_4,,,SFX\Levels\Makin\hut_explos\exp_last_hut_pre.wav,,1,1,1,1,1000,8000,9000,curve5,,1,reject,1,reject,full_vol,,3d,,,,,,,,,exp_hut_4_ext,,,,,,0.5,,,,,,0,no,no,,,100,100,0.25,1,
exp_hut_4_ext,,,SFX\Levels\Makin\hut_explos\exp_last_hut.wav,,1,1,0.9,1.05,2000,8000,12000,curve5,,1,reject,1,reject,full_vol,,3d,,,,,,,,,,,,500,,,0.75,0.25,,,,,0,no,no,,,100,100,0.25,1,
exp_whoosh,,,SFX\Levels\Makin\hut_explos\exp_piece_b.wav,,1,1,1,1,500,3500,3600,curve3,curve4,,,,,full_vol,,3d,,,,,,,,,,,,500,,,,,,,,,0,no,no,,,100,100,0.25,1,
,,,,,,,,,,,,,,,,,,,,,,,,,,,,,,,,,,,,,,,,,,,,,,,,,,
exp_hut_4_sweet_L,,,SFX\Levels\Makin\exp_sweetner\exp_decay_L_altb.wav,,0.75,0.75,1,1,75,2500,,curve2,,,,,,full_vol,,3d,,,,,,,,pitch,,,,,,,,,,,,,0,no,no,,,100,100,0.35,1,
exp_hut_4_sweet_R,,,SFX\Levels\Makin\exp_sweetner\exp_decay_R_altb.wav,,0.75,0.75,1,1,75,2500,,curve2,,,,,,full_vol,,3d,,,,,,,,pitch,,,,,,,,,,,,,0,no,no,,,100,100,0.35,1,
exp_hut_corner,,,SFX\Levels\Makin\hut_explos\exp_hut_corner.wav,,1,1,1,1,2000,9000,12000,curve5,,1,reject,,,full_vol,,3d,,,,,,,,,exp_sweet_L,,,,,,,,,,,,0,no,no,,,100,100,0.25,1,
,,,,,,,,,,,,,,,,,,,,,,,,,,,,,,,,,,,,,,,,,,,,,,,,,,
exp_sweet_L,,,SFX\Levels\Makin\exp_sweetner\exp_decay_L_altb.wav,,0.75,0.75,1,1,100,6000,7000,curve2,,3,reject,,,full_vol,,3d,,,,,,,,pitch,,,,,,,,,,,,,0,no,no,left_player,8,100,100,0.35,1,
exp_sweet_R,,,SFX\Levels\Makin\exp_sweetner\exp_decay_R_altb.wav,,0.75,0.75,1,1,100,6000,7000,curve2,,3,reject,,,full_vol,,3d,,,,,,,,pitch,,,,,,,,,,,,,0,no,no,right_player,8,100,100,0.35,1
exp_barrel_2d,,,SFX/Destruction/exp/barrel_##,,0.7,0.7,0.9,1.05,500,5000,10000,curve3,curve2,,,,,explosion,,2d,,,,,,,,,,,,,,,0.5,,,,,,0.15,,no,,,50,95,0.25,1
exp_barrel,,,SFX/Destruction/exp/barrel_##,,0.9,1,0.9,1.05,500,5000,10000,curve3,curve2,,,,,explosion,,3d,,,,,,,,,exp_debris,,,,,,0.5,,,,,,0.15,,no,,,50,95,0.25,1
barrel_fuse,,,SFX/Destruction/exp/flare_##,,0.4,0.5,0.9,1.05,50,500,1000,curve3,curve2,,,,,explosion,,3d,,,,,,,,,,,,,,,,,,,,,0.15,,,,,50,95,0.25,1
fuse,,,SFX/Destruction/exp/flare_##,,0.4,0.5,0.9,1.05,50,500,1000,curve3,curve2,,,,,explosion,,3d,,,,,,,,,,,,,,,,,,,,,0.15,,,,,50,95,0.25,1
exp_debris,,,SFX/Destruction/exp/debris_##,,0.8,0.8,0.9,1.05,50,1200,2400,curve3,curve2,,,,,explosion,,3d,,,,,,,,,barrel_explode_trail_l,,,,,,0.1,0.4,,,,,0.15,,,,,50,95,0.25,1
exp_ammo,,,SFX/Destruction/ammocrate_##,,0.8,1,1,1,500,1700,3000,curve3,curve2,,,,,explosion,,3d,,,,,,,,,,,,,,,0.4,,,,,,0.15,,,,,50,95,0.25,1
,,,,,,,,,,,,,,,,,,,,,,,,,,,,,,,,,,,,,,,,,,,,,,,,,
barrel_explode_trail_l,,,SFX/Weapon/Gren/Gen_Gren/gren_trail_##,,0.4,0.6,0.9,1,500,2000,10000,curve5,,,,3,oldest,explosion,,3d,,,,,,,,,barrel_explode_trail_r,,,,,,,,,,,,,,yes,left_player,6,90,90,0.25,1
barrel_explode_trail_r,,,SFX/Weapon/Gren/Gen_Gren/gren_trail_##,,0.4,0.6,0.9,1,500,2000,10000,curve5,,,,3,oldest,explosion,,3d,,,,,,,,,barrel_explode_dist,,,,,,,,,,,,,,yes,right_player,6,90,90,0.25,1
barrel_explode_dist,,,SFX/Destruction/explosion_dist_##,,0.9,1,0.9,1.1,3000,12000,13000,curve5,,,,3,oldest,explosion,,3d,,,,,,,,,barrel_explode_distR,,,,,,0.4,,,,,,,,yes,left_player,6,90,90,0.55,1
barrel_explode_distR,,,SFX/Destruction/explosion_dist_##,,0.9,1,0.9,1.1,3000,12000,13000,curve5,,,,3,oldest,explosion,,3d,,,,,,,,,bomb_falloff,,,,,,0.4,,,,,,,,yes,right_player,6,90,90,0.55,1
,,,,,,,,,,,,,,,,,,,,,,,,,,,,,,,,,,,,,,,,,,,,,,,,,
exp_hut_1_end,,,SFX\Destruction\vehicle\special\vehicle_04.wav,,1,1,0.9,1.05,1000,6000,7000,curve4,,1,reject,,,full_vol,,3d,,,,,,,,pitch,exp_sweet_L,,,,,,0.25,,,,,,0,no,no,,,100,100,0.25,1
exp_hut_2_end,,,SFX\Destruction\vehicle\special\vehicle_05.wav,,1,1,0.9,1.05,1000,8000,9000,curve4,,1,reject,,,full_vol,,3d,,,,,,,,pitch,exp_sweet_L,,,,,,0.25,,,,,,0,no,no,,,100,100,0.25,1
exp_hut_3_end,,,SFX\Destruction\vehicle\special\vehicle_06.wav,,1,1,0.9,1.05,1000,8000,9000,curve4,,1,reject,,,full_vol,,3d,,,,,,,,pitch,exp_sweet_L,,,,,,0.25,,,,,,0,no,no,,,100,100,0.25,1

# IN GAME DIALOG,,,,,,,,,,,,,,,,,,,,,,,,,,,,,,,,,,,,,,,,,,,,,,,,,,,
Mak1_INT_000A_JPOF,,,voiceovers\makin\mast\Mak1_INT_000A_JPOF_ab.wav,,1,1,1,1,500,2800,3200,curve3,curve3,,,,,voice,,3d,primed,,,,,,,,,,,,,0.8,,1,,,,,0.15,,no,,,100,100,0.25,1,SUBTITLE_Mak1_INT_000A_JPOF_ab,
Mak1_INT_001A_JPOF,,,voiceovers\makin\mast\Mak1_INT_001A_JPOF_a.wav,,1,1,1,1,500,2800,3200,curve3,curve3,,,,,voice,,3d,primed,,,,,,,,,,,,,0.8,,1,,,,,0.15,,no,,,100,100,0.25,1,,
Mak1_INT_002A_JPOF,,,voiceovers\makin\mast\Mak1_INT_002A_JPOF_b.wav,,1,1,1,1,500,2800,3200,curve3,curve3,,,,,voice,,3d,primed,,,,,,,,,,,,,0.8,,1,,,,,0.15,,no,,,100,100,0.25,1,,
Mak1_INT_003A_MITC,1,yes,voiceovers\makin\mast\Mak1_INT_003A_MITC_b.wav,,1,1,1,1,500,2800,3200,curve3,curve3,,,,,voice,,3d,primed,,,,,,,,,,,,,0.8,,1,,,,,0.15,,no,,,100,100,0.25,1,SUBTITLE_Mak1_INT_003A_MITC_b,
Mak1_INT_003A_MITC,2,no,voiceovers\makin\mast\Mak1_INT_003A_MITC_safe.wav,,1,1,1,1,500,2800,3200,curve3,curve3,,,,,voice,,3d,primed,,,,,,,,,,,,,0.8,,1,,,,,0.15,,no,,,100,100,0.25,1,SUBTITLE_Mak1_INT_003A_MITC_safe,
Mak1_INT_004A_JPOF,,,voiceovers\makin\mast\Mak1_INT_004A_JPOF_b.wav,,1,1,1,1,500,2800,3200,curve3,curve3,,,,,voice,,3d,primed,,,,,,,,,,,,,0.8,,1,,,,,0.15,,no,,,100,100,0.25,1,,
Mak1_INT_005A_JPOF,,,voiceovers\makin\mast\Mak1_INT_005A_JPOF_b.wav,,1,1,1,1,500,2800,3200,curve3,curve3,,,,,voice,,3d,primed,,,,,,,,,,,,,0.8,,1,,,,,0.15,,no,,,100,100,0.25,1,,
Mak1_INT_005B_MITC,,yes,voiceovers\makin\mast\Mak1_INT_005B_MITC.wav,,1,1,1,1,500,2800,3200,curve3,curve3,,,,,voice,,3d,primed,,,,,,,,,,,2300,,0.8,,1,,,,,0.15,,no,,,100,100,0.25,1,SUBTITLE_Mak1_INT_005B_MITC,
Mak1_INT_006A_JPIT,,,voiceovers\makin\mast\Mak1_INT_006A_JPIT.wav,,1,1,1,1,500,2800,3200,curve3,curve3,,,,,voice,,3d,primed,,,,,,,,,,,,,0.8,,1,,,,,0.15,,no,,,100,100,0.25,1,,
Mak1_INT_100A_JINT,,,voiceovers\makin\mast\Mak1_INT_006A_JPIT.wav,,1,1,1,1,500,2800,3200,curve3,curve3,,,,,voice,,3d,primed,,,,,,,,,,,,,0.8,,1,,,,,0.15,,no,,,100,100,0.25,1,,
Mak1_INT_200A_JAS1,,,voiceovers\makin\mast\Mak1_INT_200A_JAS1.wav,,1,1,1,1,500,2800,3200,curve3,curve3,,,,,voice,,3d,primed,,,,,,,,,,,,,0.8,,1,,,,,0.15,,no,,,100,100,0.25,1,SUBTITLE_Mak1_INT_200A_JAS1,
Mak1_INT_201A_JAS2,,,voiceovers\makin\mast\Mak1_INT_201A_JAS2.wav,,1,1,1,1,500,2800,3200,curve3,curve3,,,,,voice,,3d,primed,,,,,,,,,,,,,0.8,,1,,,,,0.15,,no,,,100,100,0.25,1,SUBTITLE_Mak1_INT_201A_JAS2,
Mak1_INT_202A_JAS3,,,voiceovers\makin\mast\Mak1_INT_202A_JAS3.wav,,1,1,1,1,500,2800,3200,curve3,curve3,,,,,voice,,3d,primed,,,,,,,,,,,,,0.8,,1,,,,,0.15,,no,,,100,100,0.25,1,SUBTITLE_Mak1_INT_202A_JAS3,
Mak1_INT_203A_JAS2,,,voiceovers\makin\mast\Mak1_INT_203A_JAS2.wav,,1,1,1,1,500,2800,3200,curve3,curve3,,,,,voice,,3d,primed,,,,,,,,,,,,,0.8,,1,,,,,0.15,,no,,,100,100,0.25,1,SUBTITLE_Mak1_INT_203A_JAS2,
Mak1_INT_204A_JAS1,,,voiceovers\makin\mast\Mak1_INT_204A_JAS1.wav,,1,1,1,1,500,2800,3200,curve3,curve3,,,,,voice,,3d,primed,,,,,,,,,,,,,0.8,,1,,,,,0.15,,no,,,100,100,0.25,1,SUBTITLE_Mak1_INT_204A_JAS1
Mak1_INT_205A_JAS1,,,voiceovers\makin\mast\Mak1_INT_205A_JAS1.wav,,1,1,1,1,500,2800,3200,curve3,curve3,,,,,voice,,3d,primed,,,,,,,,,,,,,0.8,,1,,,,,0.15,,no,,,100,100,0.25,1,SUBTITLE_Mak1_INT_205A_JAS1
Mak1_INT_007B_ROEB,,,voiceovers\makin\mast\Mak1_INT_007C_ROEB.wav,,1,1,1,1,500,2800,3200,curve3,curve3,,,,,voice,,3d,primed,,,,,,,,,,,,,0.8,,1,,,,,0.15,,no,,,100,100,0.25,1,SUBTITLE_Mak1_INT_007C_ROEB
Mak1_INT_009B_ROEB,,,voiceovers\makin\mast\Mak1_INT_009C_ROEB.wav,,1,1,1,1,500,2800,3200,curve3,curve3,,,,,voice,,3d,primed,,,,,,,,,,,,,0.8,,1,,,,,0.15,,no,,,100,100,0.25,1,SUBTITLE_Mak1_INT_009C_ROEB
Mak1_INT_009D_ROEB,,,voiceovers\makin\mast\Mak1_INT_009D_ROEB.wav,,1,1,1,1,500,2800,3200,curve3,curve3,,,,,voice,,3d,primed,,,,,,,,,,,,,0.8,,1,,,,,0.15,,no,,,100,100,0.25,1,SUBTITLE_Mak1_INT_009D_ROEB
sullivan_struggle_3,,yes,voiceovers\makin\mast\Mak1_INT_100A_SULL.wav,,1,1,1,1,500,2800,3200,curve3,curve3,,,,,voice,,3d,streamed,,,,,,,,,,,,,0.8,,1,,,,,0.15,,no,,,100,100,0.25,1,SUBTITLE_Mak1_INT_100A_SULL
Mak1_INT_010B_ROEB,,,voiceovers\makin\mast\Mak1_INT_010B_ROEB.wav,,1,1,1,1,500,2800,3200,curve3,curve3,,,,,voice,,3d,primed,,,,,,,,,,,,,0.8,,1,,,,,0.15,,no,,,100,100,0.25,1,SUBTITLE_Mak1_INT_010B_ROEB
Mak1_INT_013A_SULL,,,voiceovers\makin\mast\Mak1_INT_013A_SULL.wav,,1,1,1,1,500,2800,3200,curve3,curve3,,,,,voice,,3d,primed,,,,,,,,,,,,,0.8,,1,,,,,0.15,,no,,,100,100,0.25,1,SUBTITLE_Mak1_INT_013A_SULL
Mak1_INT_014A_SULL,,,voiceovers\makin\mast\Mak1_INT_014A_SULL.wav,,1,1,1,1,500,2800,3200,curve3,curve3,,,,,voice,,3d,primed,,,,,,,,,,,,,0.8,,1,,,,,0.15,,no,,,100,100,0.25,1,SUBTITLE_Mak1_INT_014A_SULL
Mak1_INT_015A_SULL,,,voiceovers\makin\mast\Mak1_INT_015A_SULL.wav,,1,1,1,1,500,2800,3200,curve3,curve3,,,,,voice,,3d,primed,,,,,,,,,,,,,0.8,,1,,,,,0.15,,no,,,100,100,0.25,1,SUBTITLE_Mak1_INT_015A_SULL
Mak1_INT_016A_SULL,,,voiceovers\makin\mast\Mak1_INT_016A_SULL.wav,,1,1,1,1,500,2800,3200,curve3,curve3,,,,,voice,,3d,primed,,,,,,,,,,,,,0.8,,1,,,,,0.15,,no,,,100,100,0.25,1,SUBTITLE_Mak1_INT_016A_SULL
Mak1_INT_206A_JAS2,,,voiceovers\makin\mast\Mak1_INT_206A_JAS2.wav,,1,1,1,1,500,2800,3200,curve3,curve3,,,,,voice,,3d,primed,,,,,,,,,,,,,0.8,,1,,,,,0.15,,no,,,100,100,0.25,1,SUBTITLE_Mak1_INT_206A_JAS2
Mak1_IGD_000A_SULL_scripted,,,voiceovers\makin\mast\Mak1_IGD_000A_SULL.wav,,1,1,1,1,500,2800,3200,curve3,curve3,,,,,voice,,3d,streamed,,,,,,,,Mak1_IGD_001A_SULL_scripted,,,1100,,0.8,,1,,,,,0.15,,no,,,100,100,0.25,1,SUBTITLE_Mak1_IGD_000A_SULL
Mak1_IGD_000A_SULL,,,voiceovers\makin\mast\Mak1_IGD_000A_SULL.wav,,0,0,1,1,500,2800,3200,curve3,curve3,,,,,voice,,3d,streamed,,,,,,,,,,,,,0.8,,1,,,,,0.15,,no,,,100,100,0.25,1,SUBTITLE_Mak1_IGD_000A_SULL
Mak1_IGD_001A_SULL_scripted,,,voiceovers\makin\mast\Mak1_IGD_001A_SULL.wav,,1,1,1,1,500,2800,3200,curve3,curve3,,,,,voice,,3d,streamed,,,,,,,,,,,1800,,0.8,,1,,,,,0.15,,no,,,100,100,0.25,1,SUBTITLE_Mak1_IGD_001A_SULL
Mak1_IGD_001A_SULL,,,voiceovers\makin\mast\Mak1_IGD_001A_SULL.wav,,0,0,1,1,500,2800,3200,curve3,curve3,,,,,voice,,3d,streamed,,,,,,,,,,,,,0.8,,1,,,,,0.15,,no,,,100,100,0.25,1,SUBTITLE_Mak1_IGD_001A_SULL
Mak1_IGD_002A_SULL,,,voiceovers\makin\mast\Mak1_IGD_002A_SULL.wav,,1,1,1,1,500,2800,3200,curve3,curve3,,,,,voice,,3d,streamed,,,,,,,,Mak1_IGD_000A_SULL_scripted,,,,,0.8,,1,,,,,0.15,,no,,,100,100,0.25,1,SUBTITLE_Mak1_IGD_002A_SULL
Mak1_IGD_100A_ROEB,,,voiceovers\makin\mast\Mak1_IGD_100A_ROEB.wav,,1,1,1,1,500,2800,3200,curve3,curve3,,,,,voice,,3d,streamed,,,,,,,,,,,,,0.8,,1,,,,,0.15,,no,,,100,100,0.25,1,SUBTITLE_Mak1_IGD_100A_ROEB
Mak1_IGD_101A_ROEB,,,voiceovers\makin\mast\Mak1_IGD_101A_ROEB.wav,,1,1,1,1,500,2800,3200,curve3,curve3,,,,,voice,,3d,streamed,,,,,,,,,,,,,0.8,,1,,,,,0.15,,no,,,100,100,0.25,1,SUBTITLE_Mak1_IGD_101A_ROEB
Mak1_IGD_102A_ROEB,,,voiceovers\makin\mast\Mak1_IGD_102A_ROEB.wav,,1,1,1,1,500,2800,3200,curve3,curve3,,,,,voice,,3d,streamed,,,,,,,,,,,,,0.8,,1,,,,,0.15,,no,,,100,100,0.25,1,SUBTITLE_Mak1_IGD_102A_ROEB
Mak1_IGD_103A_ROEB,,,voiceovers\makin\mast\Mak1_IGD_103A_ROEB.wav,,1,1,1,1,500,2800,3200,curve3,curve3,,,,,voice,,3d,streamed,,,,,,,,,,,,,0.8,,1,,,,,0.15,,no,,,100,100,0.25,1,SUBTITLE_Mak1_IGD_103A_ROEB
Mak1_IGD_104A_ROEB,,,voiceovers\makin\mast\Mak1_IGD_104A_ROEB.wav,,1,1,1,1,500,2800,3200,curve3,curve3,,,,,voice,,3d,streamed,,,,,,,,,,,,,0.8,,1,,,,,0.15,,no,,,100,100,0.25,1,SUBTITLE_Mak1_IGD_104A_ROEB
Mak1_IGD_105A_ROEB,,,voiceovers\makin\mast\Mak1_IGD_105A_ROEB.wav,,1,1,1,1,500,2800,3200,curve3,curve3,,,,,voice,,3d,streamed,,,,,,,,,,,,,0.8,,1,,,,,0.15,,no,,,100,100,0.25,1,SUBTITLE_Mak1_IGD_105A_ROEB
Mak1_IGD_106A_ROEB,,,voiceovers\makin\mast\Mak1_IGD_106A_ROEB.wav,,1,1,1,1,500,2800,3200,curve3,curve3,,,,,voice,,3d,streamed,,,,,,,,,,,,,0.8,,1,,,,,0.15,,no,,,100,100,0.25,1,SUBTITLE_Mak1_IGD_106A_ROEB
Mak1_IGD_107A_ROEB,,,voiceovers\makin\mast\Mak1_IGD_107A_ROEB.wav,,1,1,1,1,500,2800,3200,curve3,curve3,,,,,voice,,3d,streamed,,,,,,,,,,,,,0.8,,1,,,,,0.15,,no,,,100,100,0.25,1,SUBTITLE_Mak1_IGD_107A_ROEB
Mak1_IGD_108A_ROEB,,,voiceovers\makin\mast\Mak1_IGD_108A_ROEB.wav,,1,1,1,1,500,2800,3200,curve3,curve3,,,,,voice,,3d,streamed,,,,,,,,,,,,,0.8,,1,,,,,0.15,,no,,,100,100,0.25,1,SUBTITLE_Mak1_IGD_108A_ROEB
Mak1_IGD_109A_ROEB,,,voiceovers\makin\mast\Mak1_IGD_109A_ROEB.wav,,1,1,1,1,500,2800,3200,curve3,curve3,,,,,voice,,3d,streamed,,,,,,,,,,,,,0.8,,1,,,,,0.15,,no,,,100,100,0.25,1,SUBTITLE_Mak1_IGD_109A_ROEB
Mak1_IGD_110A_ROEB,,,voiceovers\makin\mast\Mak1_IGD_110A_ROEB.wav,,1,1,1,1,500,2800,3200,curve3,curve3,,,,,voice,,3d,streamed,,,,,,,,,,,,,0.8,,1,,,,,0.15,,no,,,100,100,0.25,1,SUBTITLE_Mak1_IGD_110A_ROEB
Mak1_IGD_111A_ROEB,,,voiceovers\makin\mast\Mak1_IGD_111A_ROEB.wav,,1,1,1,1,500,2800,3200,curve3,curve3,,,,,voice,,3d,streamed,,,,,,,,,,,,,0.8,,1,,,,,0.15,,no,,,100,100,0.25,1,SUBTITLE_Mak1_IGD_111A_ROEB
Mak1_IGD_112A_ROEB,,,voiceovers\makin\mast\Mak1_IGD_112A_ROEB.wav,,1,1,1,1,500,2800,3200,curve3,curve3,,,,,voice,,3d,streamed,,,,,,,,,,,,,0.8,,1,,,,,0.15,,no,,,100,100,0.25,1,SUBTITLE_Mak1_IGD_112A_ROEB
Mak1_IGD_113A_ROEB,,,voiceovers\makin\mast\Mak1_IGD_113A_ROEB.wav,,1,1,1,1,500,2800,3200,curve3,curve3,,,,,voice,,3d,streamed,,,,,,,,,,,,,0.8,,1,,,,,0.15,,no,,,100,100,0.25,1,SUBTITLE_Mak1_IGD_113A_ROEB
Mak1_IGD_114A_ROEB,,,voiceovers\makin\mast\Mak1_IGD_114A_ROEB.wav,,1,1,1,1,500,2800,3200,curve3,curve3,,,,,voice,,3d,streamed,,,,,,,,,,,,,0.8,,1,,,,,0.15,,no,,,100,100,0.25,1,SUBTITLE_Mak1_IGD_114A_ROEB
Mak1_IGD_115A_ROEB,,,voiceovers\makin\mast\Mak1_IGD_115A_ROEB.wav,,1,1,1,1,500,2800,3200,curve3,curve3,,,,,voice,,3d,streamed,,,,,,,,,,,,,0.8,,1,,,,,0.15,,no,,,100,100,0.25,1,SUBTITLE_Mak1_IGD_115A_ROEB
Mak1_IGD_500A_SULL,,,voiceovers\makin\mast\Mak1_IGD_500A_SULL.wav,,1,1,1,1,500,2800,3200,curve3,curve3,,,,,voice,,3d,streamed,,,,,,,,,,,,,0.8,,1,,,,,0.15,,no,,,100,100,0.25,1,SUBTITLE_Mak1_IGD_500A_SULL
Mak1_IGD_501A_SULL,,,voiceovers\makin\mast\Mak1_IGD_501A_SULL.wav,,1,1,1,1,500,2800,3200,curve3,curve3,,,,,voice,,3d,streamed,,,,,,,,,,,,,0.8,,1,,,,,0.15,,no,,,100,100,0.25,1,SUBTITLE_Mak1_IGD_501A_SULL
Mak1_IGD_502A_ROEB,,,voiceovers\makin\mast\Mak1_IGD_502A_ROEB.wav,,1,1,1,1,500,2800,3200,curve3,curve3,,,,,voice,,3d,streamed,,,,,,,,,,,,,0.8,,1,,,,,0.15,,no,,,100,100,0.25,1,SUBTITLE_Mak1_IGD_502A_ROEB
Mak1_IGD_503A_ROEB,,,voiceovers\makin\mast\Mak1_IGD_503A_ROEB.wav,,1,1,1,1,500,2800,3200,curve3,curve3,,,,,voice,,3d,streamed,,,,,,,,,,,,,0.8,,1,,,,,0.15,,no,,,100,100,0.25,1,SUBTITLE_Mak1_IGD_503A_ROEB
Mak1_IGD_504A_SULL,,,voiceovers\makin\mast\Mak1_IGD_504A_SULL.wav,,1,1,1,1,500,2800,3200,curve3,curve3,,,,,voice,,3d,streamed,,,,,,,,,,,,,0.8,,1,,,,,0.15,,no,,,100,100,0.25,1,SUBTITLE_Mak1_IGD_504A_SULL
Mak1_IGD_505A_ROEB,,,voiceovers\makin\mast\Mak1_IGD_505A_ROEB.wav,,1,1,1,1,500,2800,3200,curve3,curve3,,,,,voice,,3d,streamed,,,,,,,,,,,,,0.8,,1,,,,,0.15,,no,,,100,100,0.25,1,SUBTITLE_Mak1_IGD_505A_ROEB
Mak1_IGD_506A_ROEB,,,voiceovers\makin\mast\Mak1_IGD_506A_ROEB.wav,,1,1,1,1,500,2800,3200,curve3,curve3,,,,,voice,,3d,streamed,,,,,,,,,,,,,0.8,,1,,,,,0.15,,no,,,100,100,0.25,1,SUBTITLE_Mak1_IGD_506A_ROEB
Mak1_IGD_003A_USR3,,,voiceovers\makin\mast\Mak1_IGD_003A_PRYA.wav,,1,1,1,1,500,2800,3200,curve3,curve3,,,,,voice,,3d,streamed,,,,,,,,,,,,,0.8,,1,,,,,0.15,,no,,,100,100,0.25,1,SUBTITLE_Mak1_IGD_003A_PRYA
Mak1_IGD_507A_ROEB,,,voiceovers\makin\mast\Mak1_IGD_507A_ROEB.wav,,1,1,1,1,500,2800,3200,curve3,curve3,,,,,voice,,3d,streamed,,,,,,,,,,,,,0.8,,1,,,,,0.15,,no,,,100,100,0.25,1,SUBTITLE_Mak1_IGD_507A_ROEB
Mak1_IGD_508A_ROEB,,,voiceovers\makin\mast\Mak1_IGD_508A_ROEB.wav,,1,1,1,1,500,2800,3200,curve3,curve3,,,,,voice,,3d,streamed,,,,,,,,,,,,,0.8,,1,,,,,0.15,,no,,,100,100,0.25,1,SUBTITLE_Mak1_IGD_508A_ROEB
Mak1_IGD_509A_ROEB,,,voiceovers\makin\mast\Mak1_IGD_509A_ROEB.wav,,1,1,1,1,500,2800,3200,curve3,curve3,,,,,voice,,3d,streamed,,,,,,,,,,,,,0.8,,1,,,,,0.15,,no,,,100,100,0.25,1,SUBTITLE_Mak1_IGD_509A_ROEB
Mak1_IGD_510A_ROEB,,,voiceovers\makin\mast\Mak1_IGD_510A_ROEB.wav,,1,1,1,1,500,2800,3200,curve3,curve3,,,,,voice,,3d,streamed,,,,,,,,,,,,,0.8,,1,,,,,0.15,,no,,,100,100,0.25,1,SUBTITLE_Mak1_IGD_510A_ROEB
Mak1_IGD_511A_SULL,,,voiceovers\makin\mast\Mak1_IGD_511A_SULL.wav,,1,1,1,1,500,2800,3200,curve3,curve3,,,,,voice,,3d,streamed,,,,,,,,,,,,,0.8,,1,,,,,0.15,,no,,,100,100,0.25,1,SUBTITLE_Mak1_IGD_511A_SULL
Mak1_IGD_512A_SULL,,,voiceovers\makin\mast\Mak1_IGD_512A_SULL.wav,,1,1,1,1,500,2800,3200,curve3,curve3,,,,,voice,,3d,streamed,,,,,,,,,,,,,0.8,,1,,,,,0.15,,no,,,100,100,0.25,1,SUBTITLE_Mak1_IGD_512A_SULL
Mak1_IGD_004A_USR4,1,yes,voiceovers\makin\mast\Mak1_IGD_004A_PLOG.wav,,1,1,1,1,500,2800,3200,curve3,curve3,,,,,voice,,3d,streamed,,,,,,,,,,,,,0.8,,1,,,,,0.15,,no,,,100,100,0.25,1,SUBTITLE_Mak1_IGD_004A_PLOG
Mak1_IGD_004A_PLOG,2,no,voiceovers\makin\mast\Mak1_IGD_004A_PLOG_safe.wav,,1,1,1,1,500,2800,3200,curve3,curve3,,,,,voice,,3d,streamed,,,,,,,,,,,,,0.8,,1,,,,,0.15,,no,,,100,100,0.25,1,SUBTITLE_Mak1_IGD_004A_PLOG_safe
Mak1_IGD_116A_PAYE,1,yes,voiceovers\makin\mast\Mak1_IGD_116A_PAYE.wav,,1,1,1,1,50,1000,2000,curve3,curve3,,,,,voice,,3d,streamed,,,,,,,,,,,,,0.8,,1,,,,,0.4,,no,,,100,100,0.25,1,SUBTITLE_Mak1_IGD_116A_PAYE
Mak1_IGD_116A_PAYE,2,no,voiceovers\makin\mast\Mak1_IGD_116A_PAYE_safe.wav,,1,1,1,1,50,1000,2000,curve3,curve3,,,,,voice,,3d,streamed,,,,,,,,,,,,,0.8,,1,,,,,0.4,,no,,,100,100,0.25,1,SUBTITLE_Mak1_IGD_116A_PAYE_safe
Mak1_IGD_117A_PAYE,1,yes,voiceovers\makin\mast\Mak1_IGD_117A_PAYE.wav,,1,1,1,1,50,1000,2000,curve3,curve3,,,,,voice,,3d,streamed,,,,,,,,,,,,,0.8,,1,,,,,0.4,,no,,,100,100,0.25,1,SUBTITLE_Mak1_IGD_117A_PAYE
Mak1_IGD_117A_PAYE,2,no,voiceovers\makin\mast\Mak1_IGD_117A_PAYE_safe.wav,,1,1,1,1,50,1000,2000,curve3,curve3,,,,,voice,,3d,streamed,,,,,,,,,,,,,0.8,,1,,,,,0.4,,no,,,100,100,0.25,1,SUBTITLE_Mak1_IGD_117A_PAYE_safe
Mak1_IGD_118A_JAS1,,,voiceovers\makin\mast\Mak1_IGD_118A_JAS1.wav,,1,1,1,1,50,1000,2000,curve3,curve3,,,,,voice,,3d,streamed,,,,,,,,,,,,,0.8,,1,,,,,0.4,,no,,,100,100,0.25,1,
Mak1_IGD_119A_PAYE,,,voiceovers\makin\mast\Mak1_IGD_119A_PAYE.wav,,1,1,1,1,50,1000,2000,curve3,curve3,,,,,voice,,3d,streamed,,,,,,,,,,,,,0.8,,1,,,,,0.4,,no,,,100,100,0.25,1,SUBTITLE_Mak1_IGD_119A_PAYE
Mak1_IGD_120A_JAS1,,,voiceovers\makin\mast\Mak1_IGD_120A_JAS1.wav,,1,1,1,1,50,1000,2000,curve3,curve3,,,,,voice,,3d,streamed,,,,,,,,,,,,,0.8,,1,,,,,0.4,,no,,,100,100,0.25,1,
Mak1_IGD_009A_SULL,,,voiceovers\makin\mast\Mak1_IGD_009A_SULL.wav,,1,1,1,1,500,2800,3200,curve3,curve3,,,,,voice,,3d,streamed,,,,,,,,,,,,,0.8,,1,,,,,0.15,,no,,,100,100,0.25,1,SUBTITLE_Mak1_IGD_009A_SULL
Mak1_IGD_010A_USR2,,,voiceovers\makin\mast\Mak1_IGD_010A_PSOU.wav,,1,1,1,1,500,2800,3200,curve3,curve3,,,,,voice,,3d,streamed,,,,,,,,,,,,,0.8,,1,,,,,0.15,,no,,,100,100,0.25,1,SUBTITLE_Mak1_IGD_010A_PSOU
Mak1_IGD_011A_SULL,1,yes,voiceovers\makin\mast\Mak1_IGD_011A_SULL.wav,,1,1,1,1,500,2800,3200,curve3,curve3,,,,,voice,,3d,streamed,,,,,,,,,,,,,0.8,,1,,,,,0.15,,no,,,100,100,0.25,1,SUBTITLE_Mak1_IGD_011A_SULL
Mak1_IGD_011A_SULL,2,no,voiceovers\makin\mast\Mak1_IGD_011A_SULL_safe.wav,,1,1,1,1,500,2800,3200,curve3,curve3,,,,,voice,,3d,streamed,,,,,,,,,,,,,0.8,,1,,,,,0.15,,no,,,100,100,0.25,1,SUBTITLE_Mak1_IGD_011A_SULL_safe
Mak1_IGD_513A_SULL,,,voiceovers\makin\mast\Mak1_IGD_513A_SULL.wav,,1,1,1,1,500,2800,3200,curve3,curve3,,,,,voice,,3d,streamed,,,,,,,,,,,,,0.8,,1,,,,,0.15,,no,,,100,100,0.25,1,SUBTITLE_Mak1_IGD_513A_SULL
Mak1_IGD_514A_SULL,,,voiceovers\makin\mast\Mak1_IGD_514A_SULL.wav,,1,1,1,1,500,2800,3200,curve3,curve3,,,,,voice,,3d,streamed,,,,,,,,,,,,,0.8,,1,,,,,0.15,,no,,,100,100,0.25,1,SUBTITLE_Mak1_IGD_514A_SULL
Mak1_IGD_515A_SULL,,,voiceovers\makin\mast\Mak1_IGD_515A_SULL.wav,,1,1,1,1,500,2800,3200,curve3,curve3,,,,,voice,,3d,streamed,,,,,,,,,,,,,0.8,,1,,,,,0.15,,no,,,100,100,0.25,1,SUBTITLE_Mak1_IGD_515A_SULL
Mak1_IGD_012A_SULL,,,voiceovers\makin\mast\Mak1_IGD_012A_SULL_B.wav,,1,1,1,1,500,2800,3200,curve3,curve3,,,,,voice,,3d,streamed,,,,,,,,,,,,,0.8,,1,,,,,0.15,,no,,,100,100,0.25,1,SUBTITLE_Mak1_IGD_012A_SULL_B
Mak1_IGD_013A_SULL,,,voiceovers\makin\mast\Mak1_IGD_013B_SULL.wav,,1,1,1,1,500,2800,3200,curve3,curve3,,,,,voice,,3d,streamed,,,,,,,,,,,,,0.8,,1,,,,,0.15,,no,,,100,100,0.25,1,SUBTITLE_Mak1_IGD_013B_SULL
Mak1_IGD_014A_SULL,,,voiceovers\makin\mast\Mak1_IGD_014C_SULL.wav,,1,1,1,1,500,2800,3200,curve3,curve3,,,,,voice,,3d,streamed,,,,,,,,,,,,,0.8,,1,,,,,0.15,,no,,,100,100,0.25,1,SUBTITLE_Mak1_IGD_014C_SULL
Mak1_IGD_014B_SULL,,,voiceovers\makin\mast\Mak1_IGD_014B_SULL.wav,,1,1,1,1,500,2800,3200,curve3,curve3,,,,,voice,,3d,streamed,,,,,,,,,,,,,0.8,,1,,,,,0.15,,no,,,100,100,0.25,1,SUBTITLE_Mak1_IGD_014B_SULL
Mak1_IGD_015A_SULL,,,voiceovers\makin\mast\Mak1_IGD_015A_SULL.wav,,1,1,1,1,500,2800,3200,curve3,curve3,,,,,voice,,3d,streamed,,,,,,,,,,,,,0.8,,1,,,,,0.15,,no,,,100,100,0.25,1,SUBTITLE_Mak1_IGD_015A_SULL
Mak1_IGD_016A_SULL,,,voiceovers\makin\mast\Mak1_IGD_016A_SULL.wav,,1,1,1,1,500,2800,3200,curve3,curve3,,,,,voice,,3d,streamed,,,,,,,,,,,,,0.8,,1,,,,,0.15,,no,,,100,100,0.25,1,SUBTITLE_Mak1_IGD_016A_SULL
Mak1_IGD_017A_PHIL,,,voiceovers\makin\mast\Mak1_IGD_017A_PHIL.wav,,1,1,1,1,500,2800,3200,curve3,curve3,,,,,voice,,3d,streamed,,,,,,,,,,,,,0.8,,1,,,,,0.15,,no,,,100,100,0.25,1,SUBTITLE_Mak1_IGD_017A_PHIL
Mak1_IGD_019A_PSOU,,,voiceovers\makin\mast\Mak1_IGD_019A_PSOU.wav,,1,1,1,1,500,2800,3200,curve3,curve3,,,,,voice,,3d,streamed,,,,,,,,,,,,,0.8,,1,,,,,0.15,,no,,,100,100,0.25,1,SUBTITLE_Mak1_IGD_019A_PSOU
Mak1_IGD_018A_PHIL,,,voiceovers\makin\mast\Mak1_IGD_018A_PHIL.wav,,1,1,1,1,500,2800,3200,curve3,curve3,,,,,voice,,3d,streamed,,,,,,,,,,,,,0.8,,1,,,,,0.15,,no,,,100,100,0.25,1,SUBTITLE_Mak1_IGD_018A_PHIL
Mak1_IGD_020A_PHIL,,,voiceovers\makin\mast\Mak1_IGD_020A_PHIL.wav,,1,1,1,1,500,2800,3200,curve3,curve3,,,,,voice,,3d,streamed,,,,,,,,,,,,,0.8,,1,,,,,0.15,,no,,,100,100,0.25,1,SUBTITLE_Mak1_IGD_020A_PHIL
Mak1_IGD_021A_ROEB,,,voiceovers\makin\mast\Mak1_IGD_021A_ROEB.wav,,1,1,1,1,500,2800,3200,curve3,curve3,,,,,voice,,3d,streamed,,,,,,,,,,,,,0.8,,1,,,,,0.15,,no,,,100,100,0.25,1,SUBTITLE_Mak1_IGD_021A_ROEB
Mak1_IGD_022A_SULL,,,voiceovers\makin\mast\Mak1_IGD_022A_SULL_A.wav,,1,1,1,1,500,2800,3200,curve3,curve3,,,,,voice,,3d,streamed,,,,,,,,,,,,,0.8,,1,,,,,0.15,,no,,,100,100,0.25,1,SUBTITLE_Mak1_IGD_022A_SULL_A
Mak1_IGD_205A_PHIL,,,voiceovers\makin\mast\Mak1_IGD_205A_PHIL.wav,,1,1,1,1,500,2800,3200,curve3,curve3,,,,,voice,,3d,streamed,,,,,,,,,,,,,0.8,,1,,,,,0.15,,no,,,100,100,0.25,1,SUBTITLE_Mak1_IGD_205A_PHIL
Mak1_IGD_023A_USR2,1,yes,voiceovers\makin\mast\Mak1_IGD_023A_PSOU.wav,,1,1,1,1,500,2800,3200,curve3,curve3,,,,,voice,,3d,streamed,,,,,,,,,,,,,0.8,,1,,,,,0.15,,no,,,100,100,0.25,1,SUBTITLE_Mak1_IGD_023A_PSOU
Mak1_IGD_023A_USR2,2,no,voiceovers\makin\mast\Mak1_IGD_023A_PSOU_safe.wav,,1,1,1,1,500,2800,3200,curve3,curve3,,,,,voice,,3d,streamed,,,,,,,,,,,,,0.8,,1,,,,,0.15,,no,,,100,100,0.25,1,SUBTITLE_Mak1_IGD_023A_PSOU_safe
Mak1_IGD_024A_SULL,,,voiceovers\makin\mast\Mak1_IGD_024A_SULL_A.wav,,1,1,1,1,500,2800,3200,curve3,curve3,,,,,voice,,3d,streamed,,,,,,,,,,,,,0.8,,1,,,,,0.15,,no,,,100,100,0.25,1,SUBTITLE_Mak1_IGD_024A_SULL_A
Mak1_IGD_025A_PSOU,1,yes,voiceovers\makin\mast\Mak1_IGD_025A_PSOU.wav,,1,1,1,1,500,2800,3200,curve3,curve3,,,,,voice,,3d,streamed,,,,,,,,,,,,,0.8,,1,,,,,0.15,,no,,,100,100,0.25,1,SUBTITLE_Mak1_IGD_025A_PSOU
Mak1_IGD_025A_PSOU,2,no,voiceovers\makin\mast\Mak1_IGD_025A_PSOU_safe.wav,,1,1,1,1,500,2800,3200,curve3,curve3,,,,,voice,,3d,streamed,,,,,,,,,,,,,0.8,,1,,,,,0.15,,no,,,100,100,0.25,1,SUBTITLE_Mak1_IGD_025A_PSOU_safe
Mak1_IGD_026A_PHIL,1,yes,voiceovers\makin\mast\Mak1_IGD_026A_PHIL.wav,,1,1,1,1,500,2800,3200,curve3,curve3,,,,,voice,,3d,streamed,,,,,,,,,,,,,0.8,,1,,,,,0.15,,no,,,100,100,0.25,1,SUBTITLE_Mak1_IGD_026A_PHIL
Mak1_IGD_026A_PHIL,2,no,voiceovers\makin\mast\Mak1_IGD_026A_PHIL_safe.wav,,1,1,1,1,500,2800,3200,curve3,curve3,,,,,voice,,3d,streamed,,,,,,,,,,,,,0.8,,1,,,,,0.15,,no,,,100,100,0.25,1,SUBTITLE_Mak1_IGD_026A_PHIL_safe
Mak1_IGD_027A_USR2,,,voiceovers\makin\mast\Mak1_IGD_027A_PSOU.wav,,1,1,1,1,500,2800,3200,curve3,curve3,,,,,voice,,3d,streamed,,,,,,,,,,,,,0.8,,1,,,,,0.15,,no,,,100,100,0.25,1,SUBTITLE_Mak1_IGD_027A_PSOU
Mak1_IGD_028A_SULL,,,voiceovers\makin\mast\Mak1_IGD_028A_SULL_A.wav,,1,1,1,1,500,2800,3200,curve3,curve3,,,,,voice,,3d,streamed,,,master,,,,,,,,,,0.8,,1,,,,,0.15,,no,,,100,100,0.25,1,SUBTITLE_Mak1_IGD_028A_SULL_A
Mak1_IGD_400A_ROEB,1,yes,voiceovers\makin\mast\Mak1_IGD_400A_ROEB.wav,,1,1,1,1,500,2800,3200,curve3,curve3,,,,,voice,,3d,streamed,,,master,,,,,,,,,,0.8,,1,,,,,0.15,,no,,,100,100,0.25,1,SUBTITLE_Mak1_IGD_400A_ROEB
Mak1_IGD_400A_ROEB,2,no,voiceovers\makin\mast\Mak1_IGD_400A_ROEB_safe.wav,,1,1,1,1,500,2800,3200,curve3,curve3,,,,,voice,,3d,streamed,,,master,,,,,,,,,,0.8,,1,,,,,0.15,,no,,,100,100,0.25,1,SUBTITLE_Mak1_IGD_400A_ROEB_safe
Mak1_IGD_401A_ROEB,,,voiceovers\makin\mast\Mak1_IGD_401A_ROEB.wav,,1,1,1,1,500,2800,3200,curve3,curve3,,,,,voice,,3d,streamed,,,master,,,,,,,,,,0.8,,1,,,,,0.15,,no,,,100,100,0.25,1,SUBTITLE_Mak1_IGD_401A_ROEB
Mak1_IGD_402A_SULL,,,voiceovers\makin\mast\Mak1_IGD_402A_SULL.wav,,1,1,1,1,500,2800,3200,curve3,curve3,,,,,voice,,3d,streamed,,,master,,,,,,,,,,0.8,,1,,,,,0.15,,no,,,100,100,0.25,1,SUBTITLE_Mak1_IGD_402A_SULL
Mak1_IGD_403A_SULL,1,yes,voiceovers\makin\mast\Mak1_IGD_403A_SULL.wav,,1,1,1,1,500,2800,3200,curve3,curve3,,,,,voice,,3d,streamed,,,master,,,,,,,,,,0.8,,1,,,,,0.15,,no,,,100,100,0.25,1,SUBTITLE_Mak1_IGD_403A_SULL
Mak1_IGD_403A_SULL,2,no,voiceovers\makin\mast\Mak1_IGD_403A_SULL_safe.wav,,1,1,1,1,500,2800,3200,curve3,curve3,,,,,voice,,3d,streamed,,,master,,,,,,,,,,0.8,,1,,,,,0.15,,no,,,100,100,0.25,1,SUBTITLE_Mak1_IGD_403A_SULL_safe
Mak1_IGD_403A_ROEB,1,yes,voiceovers\makin\mast\Mak1_IGD_403A_ROEB.wav,,1,1,1,1,500,2800,3200,curve3,curve3,,,,,voice,,3d,streamed,,,master,,,,,,,,,,0.8,,1,,,,,0.15,,no,,,100,100,0.25,1,SUBTITLE_Mak1_IGD_403A_ROEB
Mak1_IGD_403A_ROEB,2,no,voiceovers\makin\mast\Mak1_IGD_403A_ROEB_safe.wav,,1,1,1,1,500,2800,3200,curve3,curve3,,,,,voice,,3d,streamed,,,master,,,,,,,,,,0.8,,1,,,,,0.15,,no,,,100,100,0.25,1,SUBTITLE_Mak1_IGD_403A_ROEB_safe
Mak1_IGD_030A_SULL,,,voiceovers\makin\mast\Mak1_IGD_030A_SULL_A.wav,,1,1,1,1,500,2800,3200,curve3,curve3,,,,,voice,,3d,streamed,,,master,,,,,,,,,,0.8,,1,,,,,0.15,,no,,,100,100,0.25,1,SUBTITLE_Mak1_IGD_030A_SULL_A
Mak1_IGD_029A_ROEB,,,voiceovers\makin\mast\Mak1_IGD_029A_ROEB.wav,,1,1,1,1,500,2800,3200,curve3,curve3,,,,,voice,,3d,streamed,,,master,,,,,,,,,,0.8,,1,,,,,0.15,,no,,,100,100,0.25,1,SUBTITLE_Mak1_IGD_029A_ROEB
Mak1_IGD_029B_ROEB,,,voiceovers\makin\mast\Mak1_IGD_029B_ROEB.wav,,1,1,1,1,500,2800,3200,curve3,curve3,,,,,voice,,3d,streamed,,,master,,,,,,,,,,0.8,,1,,,,,0.15,,no,,,100,100,0.25,1,SUBTITLE_Mak1_IGD_029B_ROEB
Mak1_IGD_031A_ROEB,1,yes,voiceovers\makin\mast\Mak1_IGD_031A_ROEB.wav,,1,1,1,1,500,2800,3200,curve3,curve3,,,,,voice,,3d,streamed,,,master,,,,,,,,,,0.8,,1,,,,,0.15,,no,,,100,100,0.25,1,SUBTITLE_Mak1_IGD_031A_ROEB
Mak1_IGD_031A_ROEB,2,no,voiceovers\makin\mast\Mak1_IGD_031A_ROEB_safe.wav,,1,1,1,1,500,2800,3200,curve3,curve3,,,,,voice,,3d,streamed,,,master,,,,,,,,,,0.8,,1,,,,,0.15,,no,,,100,100,0.25,1,SUBTITLE_Mak1_IGD_031A_ROEB_safe
Mak1_IGD_032A_SULL,,,voiceovers\makin\mast\Mak1_IGD_032A_SULL.wav,,1,1,1,1,500,2800,3200,curve3,curve3,,,,,voice,,3d,streamed,,,master,,,,,,,,,,0.8,,1,,,,,0.15,,no,,,100,100,0.25,1,SUBTITLE_Mak1_IGD_032A_SULL
Mak1_IGD_033A_ROEB,,,voiceovers\makin\mast\Mak1_IGD_033A_ROEB.wav,,1,1,1,1,500,2800,3200,curve3,curve3,,,,,voice,,3d,streamed,,,master,,,,,,,,,,0.8,,1,,,,,0.15,,no,,,100,100,0.25,1,SUBTITLE_Mak1_IGD_033A_ROEB
Mak1_IGD_035A_SULL,,,voiceovers\makin\mast\Mak1_IGD_035A_SULL_E.wav,,1,1,1,1,500,2800,3200,curve3,curve3,,,,,voice,,3d,streamed,,,master,,,,,,,,,,0.8,,1,,,,,0.15,,no,,,100,100,0.25,1,SUBTITLE_Mak1_IGD_035A_SULL_E
Mak1_IGD_036A_SULL,,,voiceovers\makin\mast\Mak1_IGD_036A_SULL.wav,,1,1,1,1,500,2800,3200,curve3,curve3,,,,,voice,,3d,streamed,,,master,,,,,,,,,,0.8,,1,,,,,0.15,,no,,,100,100,0.25,1,SUBTITLE_Mak1_IGD_036A_SULL
Mak1_IGD_516A_ROEB,,,voiceovers\makin\mast\Mak1_IGD_516A_ROEB.wav,,1,1,1,1,500,2800,3200,curve3,curve3,,,,,voice,,3d,streamed,,,master,,,,,,,,,,0.8,,1,,,,,0.15,,no,,,100,100,0.25,1,SUBTITLE_Mak1_IGD_516A_ROEB
Mak1_IGD_517A_ROEB,,,voiceovers\makin\mast\Mak1_IGD_517A_ROEB.wav,,1,1,1,1,500,2800,3200,curve3,curve3,,,,,voice,,3d,streamed,,,master,,,,,,,,,,0.8,,1,,,,,0.15,,no,,,100,100,0.25,1,SUBTITLE_Mak1_IGD_517A_ROEB
Mak1_IGD_037A_SULL,,,voiceovers\makin\mast\Mak1_IGD_037A_SULL_A.wav,,1,1,1,1,500,2800,3200,curve3,curve3,,,,,voice,,3d,streamed,,,master,,,,,,,,,,0.8,,1,,,,,0.15,,no,,,100,100,0.25,1,SUBTITLE_Mak1_IGD_037A_SULL_A
Mak1_IGD_038A_SULL,,,voiceovers\makin\mast\Mak1_IGD_038A_SULL.wav,,1,1,1,1,500,2800,3200,curve3,curve3,,,,,voice,,3d,streamed,,,master,,,,,,,,,,0.8,,1,,,,,0.15,,no,,,100,100,0.25,1,SUBTITLE_Mak1_IGD_038A_SULL
Mak1_IGD_039A_SULL,,,voiceovers\makin\mast\Mak1_IGD_039A_SULL.wav,,1,1,1,1,500,2800,3200,curve3,curve3,,,,,voice,,3d,streamed,,,master,,,,,,,,,,0.8,,1,,,,,0.15,,no,,,100,100,0.25,1,SUBTITLE_Mak1_IGD_039A_SULL
Mak1_IGD_040A_SULL,,,voiceovers\makin\mast\Mak1_IGD_040A_SULL_A.wav,,1,1,1,1,500,2800,3200,curve3,curve3,,,,,voice,,3d,streamed,,,master,,,,,,,,,,0.8,,1,,,,,0.15,,no,,,100,100,0.25,1,SUBTITLE_Mak1_IGD_040A_SULL_A
Mak1_IGD_041A_SULL,,,voiceovers\makin\mast\Mak1_IGD_041A_SULL_A.wav,,1,1,1,1,500,2800,3200,curve3,curve3,,,,,voice,,3d,streamed,,,master,,,,,,,,,,0.8,,1,,,,,0.15,,no,,,100,100,0.25,1,SUBTITLE_Mak1_IGD_041A_SULL_A
Mak1_IGD_042A_SULL,1,yes,voiceovers\makin\mast\Mak1_IGD_042A_SULL_B.wav,,1,1,1,1,500,2800,3200,curve3,curve3,,,,,voice,,3d,streamed,,,master,,,,,,,,,,0.8,,1,,,,,0.15,,no,,,100,100,0.25,1,SUBTITLE_Mak1_IGD_042A_SULL_B
Mak1_IGD_042A_SULL,2,no,voiceovers\makin\mast\Mak1_IGD_042A_SULL_safe.wav,,1,1,1,1,500,2800,3200,curve3,curve3,,,,,voice,,3d,streamed,,,master,,,,,,,,,,0.8,,1,,,,,0.15,,no,,,100,100,0.25,1,SUBTITLE_Mak1_IGD_042A_SULL_safe
Mak1_IGD_043A_USR2,,,voiceovers\makin\mast\Mak1_IGD_043A_PSOU.wav,,1,1,1,1,500,2800,3200,curve3,curve3,,,,,voice,,3d,streamed,,,master,,,,,,,,,,0.8,,1,,,,,0.15,,no,,,100,100,0.25,1,SUBTITLE_Mak1_IGD_043A_PSOU
Mak1_IGD_044A_SULL,1,yes,voiceovers\makin\mast\Mak1_IGD_044A_SULL.wav,,1,1,1,1,500,2800,3200,curve3,curve3,,,,,voice,,3d,streamed,,,master,,,,,,,,,,0.8,,1,,,,,0.15,,no,,,100,100,0.25,1,SUBTITLE_Mak1_IGD_044A_SULL
Mak1_IGD_044A_SULL,2,no,voiceovers\makin\mast\Mak1_IGD_044A_SULL_safe.wav,,1,1,1,1,500,2800,3200,curve3,curve3,,,,,voice,,3d,streamed,,,master,,,,,,,,,,0.8,,1,,,,,0.15,,no,,,100,100,0.25,1,SUBTITLE_Mak1_IGD_044A_SULL_safe
Mak1_IGD_045A_SULL,,,voiceovers\makin\mast\Mak1_IGD_045A_SULL.wav,,1,1,1,1,500,2800,3200,curve3,curve3,,,,,voice,,3d,streamed,,,master,,,,,,,,,,0.8,,1,,,,,0.15,,no,,,100,100,0.25,1,SUBTITLE_Mak1_IGD_045A_SULL
Mak1_IGD_046A_SULL,1,yes,voiceovers\makin\mast\Mak1_IGD_046A_SULL_A.wav,,1,1,1,1,500,2800,3200,curve3,curve3,,,,,voice,,3d,streamed,,,master,,,,,,,,,,0.8,,1,,,,,0.15,,no,,,100,100,0.25,1,SUBTITLE_Mak1_IGD_046A_SULL_A
Mak1_IGD_046A_SULL,2,no,voiceovers\makin\mast\Mak1_IGD_046A_SULL_safe.wav,,1,1,1,1,500,2800,3200,curve3,curve3,,,,,voice,,3d,streamed,,,master,,,,,,,,,,0.8,,1,,,,,0.15,,no,,,100,100,0.25,1,SUBTITLE_Mak1_IGD_046A_SULL_safe
Mak1_IGD_047A_ROEB,,,voiceovers\makin\mast\Mak1_IGD_047A_ROEB.wav,,1,1,1,1,500,2800,3200,curve3,curve3,,,,,voice,,3d,streamed,,,master,,,,,,,,,,0.8,,1,,,,,0.15,,no,,,100,100,0.25,1,SUBTITLE_Mak1_IGD_047A_ROEB
Mak1_IGD_048A_SULL,,,voiceovers\makin\mast\Mak1_IGD_048A_SULL.wav,,1,1,1,1,500,2800,3200,curve3,curve3,,,,,voice,,3d,streamed,,,master,,,,,,,,,,0.8,,1,,,,,0.15,,no,,,100,100,0.25,1,SUBTITLE_Mak1_IGD_048A_SULL
Mak1_IGD_049A_ROOK,,,voiceovers\makin\mast\Mak1_IGD_049A_CORK.wav,,1,1,1,1,500,2800,3200,curve3,curve3,,,,,voice,,3d,streamed,,,master,,,,,,,,,,0.8,,1,,,,,0.15,,no,,,100,100,0.25,1,SUBTITLE_Mak1_IGD_049A_CORK
Mak1_IGD_050A_ROEB,,,voiceovers\makin\mast\Mak1_IGD_050A_ROEB.wav,,1,1,1,1,500,2800,3200,curve3,curve3,,,,,voice,,2d,streamed,,,master,,,,,,,,,wpn_all,1,,1,,,,,0.15,,no,,,100,100,0.25,1,SUBTITLE_Mak1_IGD_050A_ROEB
Mak1_IGD_518A_ROEB,,,voiceovers\makin\mast\Mak1_IGD_518A_ROEB.wav,,1,1,1,1,500,2800,3200,curve3,curve3,,,,,voice,,3d,streamed,,,master,,,,,,,,,,0.8,,1,,,,,0.15,,no,,,100,100,0.25,1,SUBTITLE_Mak1_IGD_518A_ROEB
Mak1_IGD_121A_SULL,,,voiceovers\makin\mast\Mak1_IGD_121A_SULL.wav,,1,1,1,1,500,2800,3200,curve3,curve3,,,,,voice,,3d,streamed,,,master,,,,,,,,,,0.8,,1,,,,,0.15,,no,,,100,100,0.25,1,SUBTITLE_Mak1_IGD_121A_SULL
Mak1_IGD_051A_SULL,,,voiceovers\makin\mast\Mak1_IGD_051A_SULL.wav,,1,1,1,1,500,2800,3200,curve3,curve3,,,,,voice,,3d,streamed,,,master,,,,,,,,,,0.8,,1,,,,,0.15,,no,,,100,100,0.25,1,SUBTITLE_Mak1_IGD_051A_SULL
Mak1_IGD_122A_SULL,,,voiceovers\makin\mast\Mak1_IGD_122A_SULL.wav,,1,1,1,1,500,2800,3200,curve3,curve3,,,,,voice,,3d,streamed,,,master,,,,,,,,,,0.8,,1,,,,,0.15,,no,,,100,100,0.25,1,SUBTITLE_Mak1_IGD_122A_SULL
Mak1_IGD_054A_SULL,,,voiceovers\makin\mast\Mak1_IGD_054A_SULL.wav,,1,1,1,1,500,2800,3200,curve3,curve3,,,,,voice,,3d,streamed,,,master,,,,,,,,,,0.8,,1,,,,,0.15,,no,,,100,100,0.25,1,SUBTITLE_Mak1_IGD_054A_SULL
Mak1_IGD_055A_SULL,,,voiceovers\makin\mast\Mak1_IGD_055A_SULL.wav,,1,1,1,1,500,2800,3200,curve3,curve3,,,,,voice,,3d,streamed,,,master,,,,,,,,,,0.8,,1,,,,,0.15,,no,,,100,100,0.25,1,SUBTITLE_Mak1_IGD_055A_SULL
Mak1_IGD_519A_ROEB,,,voiceovers\makin\mast\Mak1_IGD_519A_ROEB_a.wav,,1,1,1,1,500,2800,3200,curve3,curve3,,,,,voice,,3d,streamed,,,master,,,,,,,,,,0.8,,1,,,,,0.15,,no,,,100,100,0.25,1,SUBTITLE_Mak1_IGD_519A_ROEB_a
Mak1_IGD_520A_SULL,,,voiceovers\makin\mast\Mak1_IGD_520A_SULL.wav,,1,1,1,1,500,2800,3200,curve3,curve3,,,,,voice,,3d,streamed,,,master,,,,,,,,,,0.8,,1,,,,,0.15,,no,,,100,100,0.25,1,SUBTITLE_Mak1_IGD_520A_SULL
Mak1_IGD_521A_SULL,,,voiceovers\makin\mast\Mak1_IGD_521A_SULL.wav,,1,1,1,1,500,2800,3200,curve3,curve3,,,,,voice,,3d,streamed,,,master,,,,,,,,,,0.8,,1,,,,,0.15,,no,,,100,100,0.25,1,SUBTITLE_Mak1_IGD_521A_SULL
Mak1_IGD_056A_SULL,,,voiceovers\makin\mast\Mak1_IGD_056A_SULL.wav,,1,1,1,1,500,2800,3200,curve3,curve3,,,,,voice,,3d,streamed,,,master,,,,,,,,,,0.8,,1,,,,,0.15,,no,,,100,100,0.25,1,SUBTITLE_Mak1_IGD_056A_SULL
Mak1_IGD_206A_SULL,,,voiceovers\makin\mast\Mak1_IGD_206A_SULL.wav,,1,1,1,1,500,2800,3200,curve3,curve3,,,,,voice,,3d,streamed,,,master,,,,,,,,,,0.8,,1,,,,,0.15,,no,,,100,100,0.25,1,SUBTITLE_Mak1_IGD_206A_SULL
Mak1_IGD_207A_SULL,,,voiceovers\makin\mast\Mak1_IGD_207A_SULL.wav,,1,1,1,1,500,2800,3200,curve3,curve3,,,,,voice,,3d,streamed,,,master,,,,,,,,,,0.8,,1,,,,,0.15,,no,,,100,100,0.25,1,SUBTITLE_Mak1_IGD_207A_SULL
Mak1_IGD_301A_SULL,,,voiceovers\makin\mast\Mak1_IGD_301A_SULL.wav,,1,1,1,1,500,2800,3200,curve3,curve3,,,,,voice,,3d,streamed,,,master,,,,,,,,,,0.8,,1,,,,,0.15,,no,,,100,100,0.25,1,SUBTITLE_Mak1_IGD_301A_SULL
Mak1_IGD_301B_SULL,,,voiceovers\makin\mast\Mak1_IGD_301B_SULL.wav,,1,1,1,1,500,2800,3200,curve3,curve3,,,,,voice,,3d,streamed,,,master,,,,,,,,,,0.8,,1,,,,,0.15,,no,,,100,100,0.25,1,SUBTITLE_Mak1_IGD_301B_SULL
Mak1_IGD_302A_ROEB,,,voiceovers\makin\mast\Mak1_IGD_302A_ROEB.wav,,1,1,1,1,500,2800,3200,curve3,curve3,,,,,voice,,3d,streamed,,,master,,,,,,,,,,0.8,,1,,,,,0.15,,no,,,100,100,0.25,1,SUBTITLE_Mak1_IGD_302A_ROEB
Mak1_IGD_060A_ROEB,,,voiceovers\makin\mast\Mak1_IGD_060B_ROEB.wav,,1,1,1,1,500,2800,3200,curve3,curve3,,,,,voice,,3d,streamed,,,master,,,,,,,,,,0.8,,1,,,,,0.15,,no,,,100,100,0.25,1,SUBTITLE_Mak1_IGD_060B_ROEB
Mak1_IGD_061A_ROEB,1,yes,voiceovers\makin\mast\Mak1_IGD_061A_ROEB.wav,,1,1,1,1,500,2800,3200,curve3,curve3,,,,,voice,,3d,streamed,,,master,,,,,,,,,,0.8,,1,,,,,0.15,,no,,,100,100,0.25,1,SUBTITLE_Mak1_IGD_061A_ROEB
Mak1_IGD_061A_ROEB,2,no,voiceovers\makin\mast\Mak1_IGD_061A_ROEB_safe.wav,,1,1,1,1,500,2800,3200,curve3,curve3,,,,,voice,,3d,streamed,,,master,,,,,,,,,,0.8,,1,,,,,0.15,,no,,,100,100,0.25,1,SUBTITLE_Mak1_IGD_061A_ROEB_safe
Mak1_IGD_062A_ROEB,,,voiceovers\makin\mast\Mak1_IGD_062A_ROEB.wav,,1,1,1,1,500,2800,3200,curve3,curve3,,,,,voice,,3d,streamed,,,master,,,,,,,,,,0.8,,1,,,,,0.15,,no,,,100,100,0.25,1,SUBTITLE_Mak1_IGD_062A_ROEB
Mak1_IGD_063A_ROEB,,,voiceovers\makin\mast\Mak1_IGD_063A_ROEB.wav,,1,1,1,1,500,2800,3200,curve3,curve3,,,,,voice,,3d,streamed,,,master,,,,,,,,,,0.8,,1,,,,,0.15,,no,,,100,100,0.25,1,SUBTITLE_Mak1_IGD_063A_ROEB
Mak1_IGD_064A_ROEB,,,voiceovers\makin\mast\Mak1_IGD_064A_ROEB.wav,,1,1,1,1,500,2800,3200,curve3,curve3,,,,,voice,,3d,streamed,,,master,,,,,,,,,,0.8,,1,,,,,0.15,,no,,,100,100,0.25,1,SUBTITLE_Mak1_IGD_064A_ROEB
Mak1_IGD_065A_ROEB,,,voiceovers\makin\mast\Mak1_IGD_065B_ROEB.wav,,1,1,1,1,500,2800,3200,curve3,curve3,,,,,voice,,3d,streamed,,,master,,,,,,,,,,0.8,,1,,,,,0.15,,no,,,100,100,0.25,1,SUBTITLE_Mak1_IGD_065B_ROEB
Mak1_IGD_208A_ROEB,1,yes,voiceovers\makin\mast\Mak1_IGD_208A_ROEB.wav,,1,1,1,1,500,2800,3200,curve3,curve3,,,,,voice,,3d,streamed,,,master,,,,,,,,,,0.8,,1,,,,,0.15,,no,,,100,100,0.25,1,SUBTITLE_Mak1_IGD_208A_ROEB
Mak1_IGD_208A_ROEB,2,no,voiceovers\makin\mast\Mak1_IGD_208A_ROEB_safe.wav,,1,1,1,1,500,2800,3200,curve3,curve3,,,,,voice,,3d,streamed,,,master,,,,,,,,,,0.8,,1,,,,,0.15,,no,,,100,100,0.25,1,SUBTITLE_Mak1_IGD_208A_ROEB_safe
Mak1_IGD_303A_ROEB,,,voiceovers\makin\mast\Mak1_IGD_303A_ROEB.wav,,1,1,1,1,500,2800,3200,curve3,curve3,,,,,voice,,3d,streamed,,,master,,,,,,,,,,0.8,,1,,,,,0.15,,no,,,100,100,0.25,1,SUBTITLE_Mak1_IGD_303A_ROEB
Mak1_IGD_304A_ROEB,,,voiceovers\makin\mast\Mak1_IGD_304A_ROEB.wav,,1,1,1,1,500,2800,3200,curve3,curve3,,,,,voice,,3d,streamed,,,master,,,,,,,,,,0.8,,1,,,,,0.15,,no,,,100,100,0.25,1,SUBTITLE_Mak1_IGD_304A_ROEB
Mak1_IGD_305A_ROEB,,,voiceovers\makin\mast\Mak1_IGD_305A_ROEB.wav,,1,1,1,1,500,2800,3200,curve3,curve3,,,,,voice,,3d,streamed,,,master,,,,,,,,,,0.8,,1,,,,,0.15,,no,,,100,100,0.25,1,SUBTITLE_Mak1_IGD_305A_ROEB
Mak1_IGD_066A_ROEB,1,yes,voiceovers\makin\mast\Mak1_IGD_066A_ROEB.wav,,1,1,1,1,500,2800,3200,curve3,curve3,,,,,voice,,3d,streamed,,,master,,,,,,,,,,0.8,,1,,,,,0.15,,no,,,100,100,0.25,1,SUBTITLE_Mak1_IGD_066A_ROEB
Mak1_IGD_066A_ROEB,2,no,voiceovers\makin\mast\Mak1_IGD_066A_ROEB_safe.wav,,1,1,1,1,500,2800,3200,curve3,curve3,,,,,voice,,3d,streamed,,,master,,,,,,,,,,0.8,,1,,,,,0.15,,no,,,100,100,0.25,1,SUBTITLE_Mak1_IGD_066A_ROEB_safe
Mak1_IGD_067A_JACK,,,voiceovers\makin\mast\Mak1_IGD_067A_JACK.wav,,1,1,1,1,500,2800,3200,curve3,curve3,,,,,voice,,3d,streamed,,,master,,,,,,,,,,0.8,,1,,,,,0.15,,no,,,100,100,0.25,1,SUBTITLE_Mak1_IGD_067A_JACK
Mak1_IGD_071A_ROEB,,,voiceovers\makin\mast\Mak1_IGD_071A_ROEB.wav,,1,1,1,1,500,2800,3200,curve3,curve3,,,,,voice,,3d,streamed,,,master,,,,,,,,,,0.8,,1,,,,,0.15,,no,,,100,100,0.25,1,SUBTITLE_Mak1_IGD_071A_ROEB
Mak1_IGD_209A_ROEB,,,voiceovers\makin\mast\Mak1_IGD_209A_ROEB.wav,,1,1,1,1,500,2800,3200,curve3,curve3,,,,,voice,,3d,streamed,,,master,,,,,,,,,,0.8,,1,,,,,0.15,,no,,,100,100,0.25,1,SUBTITLE_Mak1_IGD_209A_ROEB
Mak1_IGD_210A_ROEB,,,voiceovers\makin\mast\Mak1_IGD_210A_ROEB.wav,,1,1,1,1,500,2800,3200,curve3,curve3,,,,,voice,,3d,streamed,,,master,,,,,,,,,,0.8,,1,,,,,0.15,,no,,,100,100,0.25,1,SUBTITLE_Mak1_IGD_210A_ROEB
Mak1_IGD_211A_ROEB,,,voiceovers\makin\mast\Mak1_IGD_211A_ROEB.wav,,1,1,1,1,500,2800,3200,curve3,curve3,,,,,voice,,3d,streamed,,,master,,,,,,,,,,0.8,,1,,,,,0.15,,no,,,100,100,0.25,1,SUBTITLE_Mak1_IGD_211A_ROEB
Mak1_IGD_306A_ROEB,,,voiceovers\makin\mast\Mak1_IGD_306A_ROEB.wav,,1,1,1,1,500,2800,3200,curve3,curve3,,,,,voice,,3d,streamed,,,master,,,,,,,,,,0.8,,1,,,,,0.15,,no,,,100,100,0.25,1,SUBTITLE_Mak1_IGD_306A_ROEB
Mak1_IGD_307A_ROEB,,,voiceovers\makin\mast\Mak1_IGD_307A_ROEB.wav,,1,1,1,1,500,2800,3200,curve3,curve3,,,,,voice,,3d,streamed,,,master,,,,,,,,,,0.8,,1,,,,,0.15,,no,,,100,100,0.25,1,SUBTITLE_Mak1_IGD_307A_ROEB
Mak1_IGD_212A_ROEB,,,voiceovers\makin\mast\Mak1_IGD_212A_ROEB.wav,,1,1,1,1,500,2800,3200,curve3,curve3,,,,,voice,,3d,streamed,,,master,,,,,,,,,,0.8,,1,,,,,0.15,,no,,,100,100,0.25,1,SUBTITLE_Mak1_IGD_212A_ROEB
Mak1_IGD_522A_ROEB,,,voiceovers\makin\mast\Mak1_IGD_522A_ROEB.wav,,1,1,1,1,500,2800,3200,curve3,curve3,,,,,voice,,3d,streamed,,,master,,,,,,,,,,0.8,,1,,,,,0.15,,no,,,100,100,0.25,1,SUBTITLE_Mak1_IGD_522A_ROEB
Mak1_IGD_523A_ROEB,,,voiceovers\makin\mast\Mak1_IGD_523A_ROEB.wav,,1,1,1,1,500,2800,3200,curve3,curve3,,,,,voice,,3d,streamed,,,master,,,,,,,,,,0.8,,1,,,,,0.15,,no,,,100,100,0.25,1,SUBTITLE_Mak1_IGD_523A_ROEB
Mak1_IGD_072A_SULL,,,voiceovers\makin\mast\Mak1_IGD_072A_SULL.wav,,1,1,1,1,500,2800,3200,curve3,curve3,,,,,voice,,3d,streamed,,,master,,,,,,,,,,0.8,,1,,,,,0.15,,no,,,100,100,0.25,1,SUBTITLE_Mak1_IGD_072A_SULL
Mak1_IGD_073A_ROEB,,,voiceovers\makin\mast\Mak1_IGD_073B_ROEB.wav,,1,1,1,1,500,2800,3200,curve3,curve3,,,,,voice,,3d,streamed,,,master,,,,,,,,,,0.8,,1,,,,,0.15,,no,,,100,100,0.25,1,SUBTITLE_Mak1_IGD_073B_ROEB
Mak1_IGD_074A_SULL,,,voiceovers\makin\mast\Mak1_IGD_074A_SULL.wav,,1,1,1,1,500,2800,3200,curve3,curve3,,,,,voice,,3d,streamed,,,master,,,,,,,,,,0.8,,1,,,,,0.15,,no,,,100,100,0.25,1,SUBTITLE_Mak1_IGD_074A_SULL
Mak1_IGD_213A_SULL,,,voiceovers\makin\mast\Mak1_IGD_213A_SULL.wav,,1,1,1,1,500,2800,3200,curve3,curve3,,,,,voice,,3d,streamed,,,master,,,,,,,,,,0.8,,1,,,,,0.15,,no,,,100,100,0.25,1,SUBTITLE_Mak1_IGD_213A_SULL
Mak1_IGD_075A_SULL,,,voiceovers\makin\mast\Mak1_IGD_075A_SULL.wav,,1,1,1,1,500,2800,3200,curve3,curve3,,,,,voice,,3d,streamed,,,master,,,,,,,,,,0.8,,1,,,,,0.15,,no,,,100,100,0.25,1,SUBTITLE_Mak1_IGD_075A_SULL
Mak1_IGD_076A_SULL,,,voiceovers\makin\mast\Mak1_IGD_076A_SULL.wav,,1,1,1,1,500,2800,3200,curve3,curve3,,,,,voice,,3d,streamed,,,master,,,,,,,,,,0.8,,1,,,,,0.15,,no,,,100,100,0.25,1,SUBTITLE_Mak1_IGD_076A_SULL
Mak1_IGD_077A_ROEB,,,voiceovers\makin\mast\Mak1_IGD_077A_ROEB.wav,,1,1,1,1,500,2800,3200,curve3,curve3,,,,,voice,,3d,streamed,,,master,,,,,,,,,,0.8,,1,,,,,0.15,,no,,,100,100,0.25,1,SUBTITLE_Mak1_IGD_077A_ROEB
Mak1_IGD_078A_SULL,,,voiceovers\makin\mast\Mak1_IGD_078A_SULL.wav,,1,1,1,1,500,2800,3200,curve3,curve3,,,,,voice,,3d,streamed,,,master,,,,,,,,,,0.8,,1,,,,,0.15,,no,,,100,100,0.25,1,SUBTITLE_Mak1_IGD_078A_SULL
Mak1_IGD_079A_SULL,,,voiceovers\makin\mast\Mak1_IGD_079A_SULL.wav,,1,1,1,1,500,2800,3200,curve3,curve3,,,,,voice,,3d,streamed,,,master,,,,,,,,,,0.8,,1,,,,,0.15,,no,,,100,100,0.25,1,SUBTITLE_Mak1_IGD_079A_SULL
Mak1_IGD_080A_SULL,,,voiceovers\makin\mast\Mak1_IGD_080A_SULL.wav,,1,1,1,1,500,2800,3200,curve3,curve3,,,,,voice,,3d,streamed,,,master,,,,,,,,,,0.8,,1,,,,,0.15,,no,,,100,100,0.25,1,SUBTITLE_Mak1_IGD_080A_SULL
Mak1_IGD_081A_ROEB,,,voiceovers\makin\mast\Mak1_IGD_081A_ROEB.wav,,1,1,1,1,500,2800,3200,curve3,curve3,,,,,voice,,3d,streamed,,,master,,,,,,,,,,0.8,,1,,,,,0.15,,no,,,100,100,0.25,1,SUBTITLE_Mak1_IGD_081A_ROEB
Mak1_IGD_404A_ROEB,,,voiceovers\makin\mast\Mak1_IGD_404A_ROEB.wav,,1,1,1,1,500,2800,3200,curve3,curve3,,,,,voice,,3d,streamed,,,master,,,,,,,,,,0.8,,1,,,,,0.15,,no,,,100,100,0.25,1,SUBTITLE_Mak1_IGD_404A_ROEB
Mak1_IGD_405A_ROEB,,,voiceovers\makin\mast\Mak1_IGD_405A_ROEB.wav,,1,1,1,1,500,2800,3200,curve3,curve3,,,,,voice,,3d,streamed,,,master,,,,,,,,,,0.8,,1,,,,,0.15,,no,,,100,100,0.25,1,SUBTITLE_Mak1_IGD_405A_ROEB
Mak1_IGD_406A_ROEB,,,voiceovers\makin\mast\Mak1_IGD_406A_ROEB.wav,,1,1,1,1,500,2800,3200,curve3,curve3,,,,,voice,,3d,streamed,,,master,,,,,,,,,,0.8,,1,,,,,0.15,,no,,,100,100,0.25,1,SUBTITLE_Mak1_IGD_406A_ROEB
Mak1_IGD_407A_ROEB,,,voiceovers\makin\mast\Mak1_IGD_407A_ROEB.wav,,1,1,1,1,500,2800,3200,curve3,curve3,,,,,voice,,3d,streamed,,,master,,,,,,,,,,0.8,,1,,,,,0.15,,no,,,100,100,0.25,1,SUBTITLE_Mak1_IGD_407A_ROEB
Mak1_IGD_308A_SULL,,,voiceovers\makin\mast\Mak1_IGD_308A_SULL.wav,,1,1,1,1,500,2800,3200,curve3,curve3,,,,,voice,,3d,streamed,,,master,,,,,,,,,,0.8,,1,,,,,0.15,,no,,,100,100,0.25,1,SUBTITLE_Mak1_IGD_308A_SULL
Mak1_OUT_000A_SULL,,,voiceovers\makin\mast\Mak1_OUT_000A_SULL.wav,,1,1,1,1,500,2800,3200,curve3,curve3,,,,,voice,,3d,streamed,,,master,,,,,,,,,,0.8,,1,,,,,0.15,,no,,,100,100,0.25,1,SUBTITLE_Mak1_OUT_000A_SULL
Mak1_OUT_100A_PSOU,,,voiceovers\makin\mast\Mak1_OUT_100A_PSOU.wav,,1,1,1,1,500,2800,3200,curve3,curve3,,,,,voice,,3d,streamed,,,master,,,,,,,,,,0.8,,1,,,,,0.15,,no,,,100,100,0.25,1,SUBTITLE_Mak1_OUT_100A_PSOU
Mak1_OUT_101A_ROEB,,,voiceovers\makin\mast\Mak1_OUT_101A_ROEB.wav,,1,1,1,1,500,2800,3200,curve3,curve3,,,,,voice,,3d,streamed,,,master,,,,,,,,,,0.8,,1,,,,,0.15,,no,,,100,100,0.25,1,SUBTITLE_Mak1_OUT_101A_ROEB
Mak1_OUT_102A_JACK,,,voiceovers\makin\mast\Mak1_OUT_102A_JACK.wav,,1,1,1,1,500,2800,3200,curve3,curve3,,,,,voice,,3d,streamed,,,master,,,,,,,,,,0.8,,1,,,,,0.15,,no,,,100,100,0.25,1,SUBTITLE_Mak1_OUT_102A_JACK
Mak1_OUT_103A_JACK,,,voiceovers\makin\mast\Mak1_OUT_103A_JACK.wav,,1,1,1,1,500,2800,3200,curve3,curve3,,,,,voice,,3d,streamed,,,master,,,,,,,,,,0.8,,1,,,,,0.15,,no,,,100,100,0.25,1,SUBTITLE_Mak1_OUT_103A_JACK
Mak1_OUT_001A_SULL,,,voiceovers\makin\mast\Mak1_OUT_001A_SULL.wav,,1,1,1,1,500,2800,3200,curve3,curve3,,,,,voice,,3d,streamed,,,master,,,,,,,,,,0.8,,1,,,,,0.15,,no,,,100,100,0.25,1,SUBTITLE_Mak1_OUT_001A_SULL
Mak1_OUT_002A_ROEB,,,voiceovers\makin\mast\Mak1_OUT_002A_ROEB.wav,,1,1,1,1,500,2800,3200,curve3,curve3,,,,,voice,,3d,streamed,,,master,,,,,,,,,,0.8,,1,,,,,0.15,,no,,,100,100,0.25,1,SUBTITLE_Mak1_OUT_002A_ROEB
Mak1_OUT_003A_SULL,,,voiceovers\makin\mast\Mak1_OUT_003A_SULL.wav,,1,1,1,1,500,2800,3200,curve3,curve3,,,,,voice,,3d,streamed,,,master,,,,,,,,,,0.8,,1,,,,,0.15,,no,,,100,100,0.25,1,SUBTITLE_Mak1_OUT_003A_SULL
Mak1_OUT_004A_ROEB,,,voiceovers\makin\mast\Mak1_OUT_004A_ROEB.wav,,1,1,1,1,500,2800,3200,curve3,curve3,,,,,voice,,3d,streamed,,,master,,,,,,,,,,0.8,,1,,,,,0.15,,no,,,100,100,0.25,1,SUBTITLE_Mak1_OUT_004A_ROEB
Mak1_OUT_200A_SULL,,,voiceovers\makin\mast\Mak1_OUT_200A_SULL.wav,,1,1,1,1,500,2800,3200,curve3,curve3,,,,,voice,,3d,streamed,,,master,,,,,,,,,,0.8,,1,,,,,0.15,,no,,,100,100,0.25,1,SUBTITLE_Mak1_OUT_200A_SULL
Mak1_OUT_005A_SULL,,,voiceovers\makin\mast\Mak1_OUT_005A_SULL.wav,,1,1,1,1,500,2800,3200,curve3,curve3,,,,,voice,,3d,streamed,,,master,,,,,,,,,,0.8,,1,,,,,0.15,,no,,,100,100,0.25,1,SUBTITLE_Mak1_OUT_005A_SULL
Mak1_OUT_104A_JACK,,,voiceovers\makin\mast\Mak1_OUT_104A_JACK.wav,,1,1,1,1,500,2800,3200,curve3,curve3,,,,,voice,,3d,streamed,,,master,,,,,,,,,,0.8,,1,,,,,0.15,,no,,,100,100,0.25,1,SUBTITLE_Mak1_OUT_104A_JACK
Mak1_OUT_105A_ROEB,,,voiceovers\makin\mast\Mak1_OUT_105A_ROEB.wav,,0,0,1,1,500,2800,3200,curve3,curve3,,,,,voice,,3d,streamed,,,master,,,,,,,,,,0.8,,1,,,,,0.15,,no,,,100,100,0.25,1,
Mak1_OUT_201A_SULL,,,voiceovers\makin\mast\Mak1_OUT_201A_SULL.wav,,0,0,1,1,500,2800,3200,curve3,curve3,,,,,voice,,3d,streamed,,,master,,,,,,,,,,0.8,,1,,,,,0.15,,no,,,100,100,0.25,1,

Pel2_IGD_400A_ROEB,,,voiceovers\pel2\mast\Pel2_IGD_400A_ROEB.wav,,1,1,1,1,500,2800,3200,curve3,curve3,,,,,voice,,3d,streamed,,,master,,,,,,,,,,0.8,,1,,,,,0.15,,no,,,100,100,0.25,1,SUBTITLE_Pel2_IGD_400A_ROEB

mak1_igd_008a_usr1,,,null.wav,,,,,,,,,,,,,,,,,,,,,,,,,,,,,,,0.8
