name,platform,mature,file,sequence,vol_min,vol_max,dist_min,dist_max,limit_count,limit_type,entity_limit_count,entity_limit_type,bus,volume_min_falloff_curve,volumefalloffcurve,reverb_send,dist_reverb_max,reverb_min_falloff_curve,reverb_falloff_curve,pitch_min,pitch_max,randomize_type,spatialized,type,probability,loop,masterslave,loadspec,subtitle,compression,secondaryaliasname,chainaliasname,startdelay,speakermap,lfe percentage,center percentage,envelop_min,envelop_max,envelop percentage,occlusion_level,occlusion_wet_dry,real_delay,distance_lpf,move_type,move_time,min_priority,max_priority,min_priority_threshold,max_priority_threshold,isbig,subtitle,doppler
,,,,,,,,,,,,,,,,,,,,,,,,,,,,,,,,,,,,,,,,,,,,,,,,,,,,
# Background Tracks,,,,,,,,,,,,,,,,,,,,,,,,,,,,,,,,,,,,,,,,,,,,,,,,,,,,
bgt_wind,,,Stream/Level/Pel1/land/BG_Windy_Land.wav,,0,,,,,,,,ambience,,,,,,,,,,2d,streamed,,looping,,,,,,,,ambience,,,,,,,,,,,,90,90,0.25,1,,,
bgt_LST_Interior,,,SFX\Levels\Peleliu_1\OnShip\LST_Interior.wav,,0.4,,,,,,,,ambience,,,,,,,,,,2d,streamed,,looping,,,,,,,,ambience,,,,,,,,,,,,90,90,0.25,1,,,
bgt_wind_interior,,,Stream/Level/Pel1/land/BG_Windy_Bunker.wav,,0.4,,,,,,,,ambience,,,,,,,,,,2d,streamed,,looping,,,,,,,,ambience,,,,,,,,,,,,90,90,0.25,1,,,
bgt_wind_atsea,,,Stream/Level/Pel1/atsea/BG_atsea.wav,,0.2,,,,,,,,ambience,,,,,,,,,,2d,streamed,,looping,,,,,,,,ambience,,,,,,,,,,,,90,90,0.25,1,,,
bgt_wind_outdoor,,,Stream/Level/Pel1/land/BG_Windy_Land.wav,,0,,,,,,,,ambience,,,,,,,,,,2d,streamed,,looping,,,,,,,,ambience,,,,,,,,,,,,90,90,0.25,1,,,
,,,,,,,,,,,,,,,,,,,,,,,,,,,,,,,,,,,,,,,,,,,,,,,,,,,,
# Line Sounds,,,,,,,,,,,,,,,,,,,,,,,,,,,,,,,,,,,,,,,,,,,,,,,,,,,,
pel1_dst_btl,,,Stream/Level/Pel1/linebattle/line_dist_battle.wav,,0,0,1000,1000000,,,,,ambience,,,,,,,1,1,,3d,streamed,,looping,,,,,,,,,,,,,,,,,,,,90,90,0.25,1,,,
distant_walla,,,SFX/Levels/Peleliu_1/walla/walla_americans_large.wav,,1,1,10,3000,,,,,ambience,,,,,,,1,1,,3d,streamed,,,,,,,,,,,,,250,4000,0.9,,,,,,,90,90,0.25,1,,,
# Music Tracks,,,,,,,,,,,,,,,,,,,,,,,,,,,,,,,,,,,,,,,,,,,,,,,,,,,,
mx_intro,,,Stream\Music\Mission\Peleliu_1\final\mx_opening_final.wav,,1,1,,,,,,,music,,,0,,,,,,,2d,streamed,,,0.9,,,,,,,music_all,,,,,,,,,,,,90,90,0.25,1,,,
mx_beach,,,Stream\Music\Mission\Peleliu_1\final\MX_beach.wav,,1,1,,,,,,,music,,,0,,,,,,,2d,streamed,,,0.9,,,,,,,music_all,,,,,,,,,,,,90,90,0.25,1,,,
mx_post_rockets,,,Stream\Music\Mission\Peleliu_1\final\mx_post_rockets_2.wav,,0.9,0.9,,,,,,,music,,,0,,,,,,,2d,streamed,,,,,,,,,,music,,,,,,,,,,,,90,90,0.25,1,,,
mx_post_rockets_underscore,,,Stream/Music/Mission/Peleliu_1/final/mx_pel1_post_rockets.wav,,0.9,0.9,,,,,,,music,,,0,,,,,,,2d,streamed,,looping,,,,,,,,music,,,,,,,,,,,,90,90,0.25,1
mx_rockets,,,Stream\Music\Mission\Peleliu_1\final\mx_rockets.wav,,0.9,0.9,,,,,,,music,,,0,,,,,,,2d,streamed,,,,,,,,,,music_all,,,,,,,,,,,,90,90,0.25,1
mx_first_fight,,,Stream\Music\Mission\Peleliu_1\final\mx_WildCard_loop_g_2.wav,,0.7,0.7,,,,,,,music,,,0,,,,,,,2d,streamed,,looping,,,,,,,,music,,,,,,,,,,,,90,90,0.25,1
mx_fighting_mad_extension,,,Stream\Music\Mission\Peleliu_1\final\mx_fighting_mad_ext.wav,,0.8,0.8,,,,,,,music,,,0,,,,,,,2d,streamed,,looping,,,,,,,,music,,,,,,,,,,,,90,90,0.25,1
mx_fighting_mad,,,Stream\Music\Mission\Peleliu_1\final\mx_fighting_mad.wav,,1,1,,,,,,,music,,,0,,,,,,,2d,streamed,,,,,,,,,,music,,,,,,,,,,,,90,90,0.25,1
mx_mid_level,,,Stream\Music\Mission\oki3\mx_planters_loop.wav,,1,1,,,,,,,music,,,0,,,,,,,2d,streamed,,looping,,,,,,,,music,,,,,,,,,,,,90,90,0.25,1
mx_kill_em,,,Stream\Music\Mission\Peleliu_1\final\mx_kill_em.wav,,1,1,,,,,,,music,,,0,,,,,,,2d,streamed,,looping,,,,,,,,music,,,,,,,,,,,,90,90,0.25,1
mx_ambush_stinger,,,Stream\Music\Mission\Peleliu_1\final\mx_ambush_stinger.wav,,1,1,,,,,,,music,,,0,,,,,,,2d,streamed,,,,,,,,,,music_all,,,,,,,,,,,,90,90,0.25,1
mx_last_bunker,,,Stream\Music\Mission\Peleliu_1\final\mx_last_bunker.wav,,1,1,,,,,,,music,,,0,,,,,,,2d,streamed,,,,,,,,,,music_all,,,,,,,,,,,,90,90,0.25,1
mx_amb_stress,,,Stream\Music\Mission\Peleliu_1\final\wasabe_creek_clip.wav,,0.8,0.8,,,,,,,music,,,0,,,,,,,2d,streamed,,,,,,,,,,music,,,,,,,,,,,,90,90,0.25,1
,,,,,,,,,,,,,,,,,,,,,,,,,,,,,,,,,,,,,,,,,,,,,,,,,
mx_mg_stinger,,,Stream\Music\Mission\Peleliu_1\final\mx_mg_stinger.wav,,1,1,,,,,,,music,,,0,,,,,,,2d,streamed,,,,,,,,,,music_all,,,,,,,,,,,,90,90,0.25,1
mx_pel1_resolution,,,Stream/Music/Mission/Peleliu_1/mx_pel1_resolution.wav,,0.55,0.55,,,,,,,music,,,0,,,,,,,2d,streamed,,,,,,,,,,music,,,,,,,,,,,,90,90,0.25,1
mx_calm_backup,,,Stream\Music\Mission\pel2\mx_calm.wav,,1,1,,,,,,,music,,,0,,,,,,,2d,streamed,,looping,,,,,,,,music,,,,,,,,,,,,90,90,0.25,1
mx_sullivan_died,,,Stream\Music\Mission\Peleliu_1\final\mx_sullivan_died.wav,,1,1,,,,,,,music,,,0,,,,,,,2d,streamed,,,,,,,,,,music_all,,,,,,,,,,,,90,90,0.25,1
,,,,,,,,,,,,,,,,,,,,,,,,,,,,,,,,,,,,,,,,,,,,,,,,,
# Ambient SFX - Static,,,,,,,,,,,,,,,,,,,,,,,,,,,,,,,,,,,,,,,,,,,,,,,,,,,,
shoreline_loop,,,SFX/Amb/Pacific/ocean/mod_surf_loop.wav,,0.9,0.9,100,2000,,,,,ambience,,,,,,,0.9,1.1,,3d,streamed,,looping,,,,,,,,,,,,,,,,,,,,50,95,0.5,1,,,
ocean_at_sea,,,SFX\Levels\Peleliu_1\Ocean_At_Sea\Ocean_At_Sea_00.wav,,0.8,0.8,10000,20000,,,,,ambience,,,,,,,0.9,1.1,,3d,streamed,,looping,,,,,,,,,,,,,,,,,,,,,,,,,,
earthquake,,,SFX\Levels\Peleliu_1\eggs\earthquake.wav,,1,1,,,,,,,voice,,,1,,,,,,,2d,streamed,,,0.9,,,,,,,music_all,,,,,,,,,,,,90,90,0.25,1,,,
water_roll,,,SFX/Amb/Pacific/ocean/surge_##,,0.1,0.4,50,1000,8,priority,,,ambience,,curve3,,2000,,curve2,0.6,1.1,,3d,,,,,,,pcm,,,,,,,,,,,,,,,,25,45,0.4,1,,,
wave_break,,,SFX/Amb/Pacific/ocean/wave_break_##,,0.6,0.9,50,1000,10,reject,,,ambience,,curve3,,1000,,curve2,0.6,1.1,pitch,3d,,,,,,,pcm,,,,,,,250,500,0.25,,,,,,,10,0.1,1,,,,
,,,,,,,,,,,,,,,,,,,,,,,,,,,,,,,,,,,,,,,,,,,,,,,,,,,,
pel1_beach_whizby,,,null.wav,,0.8,0.9,500,5000,10,reject,,,full_vol,,curve3,,8000,,curve2,0.8,1.1,,2d,,,looping,,,,,,,,,,,,,,,,,,,,25,45,0.4,1,,,yes
,,,,,,,,,,,,,,,,,,,,,,,,,,,,,,,,,,,,,,,,,,,,,,,,,,,,
,,,,,,,,,,,,,,,,,,,,,,,,,,,,,,,,,,,,,,,,,,,,,,,,,,,,
amb_distant_arty,,,SFX/Amb/distant_fire/artillery_##,,0.8,1,250,6000,,,,,hvy_wpn,,,,,,,0.9,1.05,,3d,,,,,,,,amb_distant_arty_imp,,,,,,,,,,,,,,,60,75,0.4,0.9,yes,,
amb_distant_arty_imp,,,SFX/Amb/distant_Impacts/imp_artillery_##,,0.8,1,250,6000,,,,,hvy_wpn,,,,,,,0.9,1.1,,3d,,,,,,,,,,4000,,,,,,,,,,,,,60,75,0.4,0.9,yes,,
wind_gust_tree_far,,,SFX/Amb/Wind/leaves_##,,0.9,1,800,3000,,,,,ambience,,curve3,,5000,,,0.9,1.1,,3d,,,,,,,pcm,,,,,,,,,,,,,,,,50,80,0.4,1,,,
wind_gust_tree,,,SFX/Amb/Wind/leaves_##,,0.9,1,800,3000,10,,,,ambience,,curve3,,5000,,,0.9,1.1,,3d,,,,,,,pcm,,,,,,,,,,,,,,,,25,45,0.4,1,,,
wind_gust_grass,,,SFX/Amb/Wind/gusts/thrugrass_##,,0.5,0.7,100,600,15,reject,,,ambience,,curve3,,1000,,curve2,0.6,1.1,pitch,3d,,,,,,,pcm,,,,,,,250,500,0.25,,,,,,,10,0.1,1,,,,
wind_mono,,,SFX/Levels/Peleliu_1/Wind_Mono/wind_mono.wav,,0.2,0.2,90,750,,,,,ambience,,curve3,,,,,0.9,1.1,,3d,,,looping,,,,pcm,,,,,,,,,,,,,,,,25,45,0.4,1,,,
,,,,,,,,,,,,,,,,,,,,,,,,,,,,,,,,,,,,,,,,,,,,,,,,,,
s_wood_steps_upstairs,,,SFX/Levels/Peleliu_1/Bunker/wood_steps_##,,0.85,0.95,10,1000,,,,,ambience,,curve3,,,,,0.9,1.1,,3d,,,,,,,,,,,,,,,,,,,,,,,60,75,0.4,0.9,
,,,,,,,,,,,,,,,,,,,,,,,,,,,,,,,,,,,,,,,,,,,,,,,,,,
amb_crickets,,,SFX/Amb/animals/Crickets_##,,0.1,0.25,10,500,,,,,ambience,,,,,,,0.9,1.1,,3d,,,,,,,pcm,,,,,,,,,,,,,,,,5,10,0.1,1,
,,,,,,,,,,,,,,,,,,,,,,,,,,,,,,,,,,,,,,,,,,,,,,,,,,
flak_burst,,,SFX/Destruction/explosion_main_##,,0.7,0.8,1500,25000,8,reject,,,hvy_wpn,,curve4,,30000,,curve3,0.8,1.1,,3d,,,,,,,,bomb_far_falloff,,,,,,,,,,,no,yes,,,25,45,0.4,1,
,,,,,,,,,,,,,,,,,,,,,,,,,,,,,,,,,,,,,,,,,,,,,,,,,,
bomber_die,,,SFX/null.wav,,1,1,1500,40000,,,,,full_vol,,curve4,,41000,,curve5,1,1,,3d,,,,,,,,,,,,,,,,,0,,no,no,,,25,45,0.4,1,yes
,,,,,,,,,,,,,,,,,,,,,,,,,,,,,,,,,,,,,,,,,,,,,,,,,,
generator_loop,,,SFX\Levels\Peleliu_1\generator_##,,1,1,75,300,,,,,ambience,,,,,,,1,1,,3d,,,looping,,,,,,,,,,,50,150,0.25,,,,,,,10,20,0.25,1,
,,,,,,,,,,,,,,,,,,,,,,,,,,,,,,,,,,,,,,,,,,,,,,,,,,
lvt_explo,,,SFX\Levels\Peleliu_1\lvt\explo\lvt_explo.wav,,1,1,2500,25000,,,,,voice,,,,,,,1,1,,2d,,,,,,,pcm,,,,wpn_all,,,,,,0,,no,yes,,,25,45,0.4,1,
# Radio,,,,,,,,,,,,,,,,,,,,,,,,,,,,,,,,,,,,,,,,,,,,,,,,,,
pel1_radio,,,SFX\Amb\Pacific\radio\Makin_Radio.wav,,0.5,0.5,100,1000,,,,,ambience,,curve3,,2000,,curve2,1,1,,3d,streamed,,looping,,,,,,,,,,,,,,0.2,,,,,,50,80,0.25,0.75,
radio_destroyed,,,SFX\Amb\Pacific\radio\radio_zort.wav,,0.8,0.8,10,500,,,,,ambience,,curve3,,1000,,curve2,0.9,1.1,,3d,,,,,,,,,,,,,,,,, ,,,,,,50,80,0.25,0.75,
,,,,,,,,,,,,,,,,,,,,,,,,,,,,,,,,,,,,,,,,,,,,,,,,,,
amb_dist_voices_1,,,SFX/Amb/Pacific/walla/outside_1/outside_00.wav,,0.65,0.65,250,1500,,,,,voice,,,,,,,0.9,1.1,,3d,streamed,,,,,,,,,,,,,,,,,,,,,,70,90,0.4,1
amb_dist_voices_2,,,SFX/Amb/Pacific/walla/outside_1/outside_07.wav,,0.65,0.65,250,1500,,,,,voice,,,,,,,0.9,1.1,,3d,streamed,,,,,,,,,,,,,,,,,,,,,,70,90,0.4,1
amb_dist_voices_3,,,SFX/Amb/Pacific/walla/outside_1/outside_03.wav,,0.65,0.65,250,1500,,,,,voice,,,,,,,0.9,1.1,,3d,streamed,,,,,,,,,,,,,,,,,,,,,,70,90,0.4,1
amb_dist_voices_4,,,SFX/Amb/Pacific/walla/outside_1/outside_04.wav,,0.65,0.65,250,1500,,,,,voice,,,,,,,0.9,1.1,,3d,streamed,,,,,,,,,,,,,,,,,,,,,,70,90,0.4,1
amb_dist_voices_5,,,SFX/Amb/Pacific/walla/outside_1/outside_06.wav,,0.65,0.65,250,1500,,,,,voice,,,,,,,0.9,1.1,,3d,streamed,,,,,,,,,,,,,,,,,,,,,,70,90,0.4,1
amb_dist_voices_6,,,SFX/Amb/Pacific/walla/outside_1/outside_08.wav,,0.65,0.65,250,1500,,,,,voice,,,,,,,0.9,1.1,,3d,streamed,,,,,,,,,,,,,,,,,,,,,,70,90,0.4,1
,,,,,,,,,,,,,,,,,,,,,,,,,,,,,,,,,,,,,,,,,,,,,,,,,
#REMOVE THE TRIGGER IN THE LEVEL FOR THE BELOW AFTER MEETING,,,,,,,,,,,,,,,,,,,,,,,,,,,,,,,,,,,,,,,,,,,,,,,,,
amb_dist_voices,,,SFX/Amb/Pacific/walla/outside_1/outside_00.wav,1,0,0,250,3000,,,,,voice,,,,,,,0.9,1.1,,3d,streamed,,,,,,,,,,,,,,,,,,,,,,70,90,0.4,1
amb_dist_voices,,,SFX/Amb/Pacific/walla/outside_1/outside_07.wav,2,0,0,250,3000,,,,,voice,,,,,,,0.9,1.1,,3d,streamed,,,,,,,,,,,,,,,,,,,,,,70,90,0.4,1
amb_dist_voices,,,SFX/Amb/Pacific/walla/outside_1/outside_03.wav,3,0,0,250,3000,,,,,voice,,,,,,,0.9,1.1,,3d,streamed,,,,,,,,,,,,,,,,,,,,,,70,90,0.4,1
amb_dist_voices,,,SFX/Amb/Pacific/walla/outside_1/outside_04.wav,4,0,0,250,3000,,,,,voice,,,,,,,0.9,1.1,,3d,streamed,,,,,,,,,,,,,,,,,,,,,,70,90,0.4,1
amb_dist_voices,,,SFX/Amb/Pacific/walla/outside_1/outside_06.wav,5,0,0,250,3000,,,,,voice,,,,,,,0.9,1.1,,3d,streamed,,,,,,,,,,,,,,,,,,,,,,70,90,0.4,1
amb_dist_voices,,,SFX/Amb/Pacific/walla/outside_1/outside_08.wav,6,0,0,250,3000,,,,,voice,,,,,,,0.9,1.1,,3d,streamed,,,,,,,,,,,,,,,,,,,,,,70,90,0.4,1
,,,,,,,,,,,,,,,,,,,,,,,,,,,,,,,,,,,,,,,,,,,,,,,,,
amb_dist_voices_bunk1,,,SFX/Amb/Pacific/walla/outside_1/outside_08.wav,,1,1,1000,75000,,,,,voice,,,,,,,0.9,1.1,,3d,streamed,,,,,,,,,,,,,,,,,,,,,,,,,
amb_dist_voices_bunk2,,,SFX/Amb/Pacific/walla/outside_1/outside_09.wav,,1,1,1000,75000,,,,,voice,,,,,,,0.9,1.1,,3d,streamed,,,,,,,,,,,,,,,,,,,,,,,,,,
amb_dist_voices_bunk3,,,SFX/Amb/Pacific/walla/outside_1/outside_21.wav,,1,1,1000,75000,,,,,voice,,,,,,,0.9,1.1,,3d,streamed,,,,,,,,,,,,,,,,,,,,,,,,,,
amb_dist_voices_bunk4,,,SFX/Amb/Pacific/walla/outside_1/outside_02.wav,,1,1,1000,75000,,,,,voice,,,,,,,0.9,1.1,,3d,streamed,,,,,,,,,,,,,,,,,,,,,,,,,,
,,,,,,,,,,,,,,,,,,,,,,,,,,,,,,,,,,,,,,,,,,,,,,,,,,
,,,,,,,,,,,,,,,,,,,,,,,,,,,,,,,,,,,,,,,,,,,,,,,,,,
amb_dist_voices_corner,,,SFX/Amb/Pacific/walla/outside_1/outside_19.wav,,1,1,100,3000,,,,,voice,,,,,,,1,1,,3d,streamed,,,,,,,,,,,,,,,,,,,,,,,,,,
,,,,,,,,,,,,,,,,,,,,,,,,,,,,,,,,,,,,,,,,,,,,,,,,,,
,,,,,,,,,,,,,,,,,,,,,,,,,,,,,,,,,,,,,,,,,,,,,,,,,,
pa_fire,,,SFX/Levels/Peleliu_1/pa_fire/pa_fire.wav,,1,1,2000,12000,,,,,voice,,,,36000,,curve2,1,1,,3d,,,,,,,,,,,,,,,,,,,,no,,,90,90,0.25,1,
pa_fire_far,,,SFX/Levels/Peleliu_1/pa_fire/pa_fire.wav,,0.75,0.75,100,28000,,,,,voice,,,,,,,1,1,,3d,,,,,,,,,,,,,,,,,,,,no,,,70,70,0.25,1,
pa_fire_farthest,,,SFX/Levels/Peleliu_1/pa_fire/pa_fire.wav,,0.8,0.8,100,33000,,,,,voice,,,,,,,1,1,,3d,,,,,,,,,,,,,,,,,,,,no,,,70,70,0.25,1,
,,,,,,,,,,,,,,,,,,,,,,,,,,,,,,,,,,,,,,,,,,,,,,,,,,
rumble,,,Stream/level/ber2/rumble_00.wav,,0.5,0.5,1000,10000,,,,,full_vol,,,,,,,1,1,,2d,,,,,,,,,,,,1,,,,,,,,,,,,,,,yes
,,,,,,,,,,,,,,,,,,,,,,,,,,,,,,,,,,,,,,,,,,,,,,,,,,
pacific_fake_fire,,,SFX/Amb/fake_fire/pacific_##,,0.65,0.85,35,16000,,,,,ambience,,curve2,,22000,,,0.9,1.05,,3d,,,,0.7,,,,,,,,,,,,,,,,,,,70,20,0.35,1,yes
,,,,,,,,,,,,,,,,,,,,,,,,,,,,,,,,,,,,,,,,,,,,,,,,,,
# EVENTS,,,,,,,,,,,,,,,,,,,,,,,,,,,,,,,,,,,,,,,,,,,,,,,,,,
# Planes,,,,,,,,,,,,,,,,,,,,,,,,,,,,,,,,,,,,,,,,,,,,,,,,,,
intro_plane1,,,SFX/Levels/Peleliu_1/Evt_Naplam/planes/ARPL_P47_By13.wav,,1,1,4000,23000,1,priority,,,full_vol,,,,27000,,,1,1,,3d,streamed,,,0.8,,,,,,,,,,,,,,,,,,,10,90,0.25,1,yes
intro_plane2,,,SFX/Levels/Peleliu_1/Evt_Naplam/planes/ARPL_P47_By04.wav,,1,1,4000,23000,1,priority,,,full_vol,,,,27000,,,1,1,,3d,streamed,,,0.8,,,,,,,,,,,,,,,,,,,10,90,0.25,1,yes
intro_plane3,,,SFX/Levels/Peleliu_1/Evt_Naplam/planes/ARPL_P47_By13.wav,,1,1,4000,23000,1,priority,,,full_vol,,,,27000,,,1,1,,3d,streamed,,,0.8,,,,,,,,,,,,,,,,,,,10,90,0.25,1,yes
intro_plane4,,,SFX/Levels/Peleliu_1/Evt_Naplam/planes/ARPL_P47_By04.wav,,1,1,4000,23000,1,priority,,,full_vol,,,,27000,,,1,1,,3d,streamed,,,0.8,,,,,,,,,,,,,,,,,,,10,90,0.25,1,yes
,,,,,,,,,,,,,,,,,,,,,,,,,,,,,,,,,,,,,,,,,,,,,,,,,,
imp_plane,,,SFX/Levels/Peleliu_1/planecrash/Pel1_Plane_explo.wav,,1,1,5000,125000,,,,,full_vol,,,,,,,1,1,,2d,,,,,,,,,,,,0.5,0.45,,,,,,,,,,10,90,0.25,1,yes
plane_crashing,,,SFX/Levels/Peleliu_1/planecrash/Pel1_PlaneByv3.wav,,1,1,5000,125000,,,,,full_vol,,,,,,,1,1,,3d,,,,,,,,,,,,,,,,,,,,,,,10,90,0.25,1,yes
,,,,,,,,,,,,,,,,,,,,,,,,,,,,,,,,,,,,,,,,,,,,,,,,,,
intro_plane_crash,,,SFX/Levels/Peleliu_1/planecrash/pel1_1st_plane_crash.wav,,1,1,5000,125000,,,,,vehicle,,,,,,,1,1,,2d,,,,,,,,,,,,,,,,,,,,,,,10,90,0.25,1,yes
plane_impact_water,,,SFX/Weapon/projectile/Mortar/w_impact_##,,0.75,0.85,400,4000,,,,,vehicle,,curve4,,8000,,,0.9,1.1,,2d,,,,,pel1,,,plane_water,,,,0.5,0.25,,,,0,,,,,,10,90,0.25,1,yes
plane_water,,,SFX/Weapon/projectile/Mortar/w_splash_##,,0.95,1,400,4000,,,,,vehicle,,curve4,,8000,,,0.9,1.1,,2d,,,,,pel1,,,plane_water_dist,,,,,,,,,0,,,,,,10,90,0.25,1,yes
plane_water_dist,,,SFX/Destruction/water_explo_dist_##,,0.8,0.9,3000,12000,,,,,vehicle,,curve4,,24000,,,0.9,1.1,,3d,,,,,pel1,,,Mortar_explode_trail_l,,,,,,,,,0,,,,,,10,90,0.25,1,yes
,,,,,,,,,,,,,,,,,,,,,,,,,,,,,,,,,,,,,,,,,,,,,,,,,,
sub_thump,,,SFX/Levels/Berlin_2/thump_##,,0.2,0.4,5000,125000,,,,,ambience,,,,,,,1,1,,2d,,,,,,,,,,,,1,,,,,,,,,,,10,12,0.25,1,yes

tree_fall,,,SFX/Levels/Peleliu_1/tree_##,,0.65,0.65,500,3000,,,,,explosion,,,,,,,0.9,1.1,,3d,,,,,,,,,,,,,,,,,,,,,,,80,90,0.65,1,
# Jeep Out,,,,,,,,,,,,,,,,,,,,,,,,,,,,,,,,,,,,,,,,,,,,,,,,,,
jeep_out,,,null.wav,,1,1,100,1000,,,,,full_vol,,curve3,,2000,,curve2,0.9,1.1,,3d,streamed,,,,,,,,,,,,,30,80,0.4,,,,,,,80,90,0.25,0.75,
,,,,,,,,,,,,,,,,,,,,,,,,,,,,,,,,,,,,,,,,,,,,,,,,,,
,,,,,,,,,,,,,,,,,,,,,,,,,,,,,,,,,,,,,,,,,,,,,,,,,,
# LVT Drive FX,,,,,,,,,,,,,,,,,,,,,,,,,,,,,,,,,,,,,,,,,,,,,,,,,,
,,,,,,,,,,,,,,,,,,,,,,,,,,,,,,,,,,,,,,,,,,,,,,,,,,
lvt_start,,,SFX\Levels\Peleliu_1\OnShip\lvt_start.wav,,0.6,0.6,100,1200,,,,,vehicle,,,,,,,1,1,,2d,streamed,,,,,,,,,,,,,,,,0,,,,,,90,90,0.25,1,
lvt_wake,,,SFX\Levels\Peleliu_1\lvt\lvt_wake.wav,,0.8,0.8,100,2000,,,,,vehicle,,,,,,,0.9,1.1,pitch,3d,,,looping,,,,,,,,,,,100,500,0.5,,,,,,,75,85,0.25,1,
lvt_engines,,,SFX\Levels\Peleliu_1\lvt\lvt_engine.wav,,0.5,0.5,100,2000,,,,,vehicle,,,,,,,0.9,1.1,pitch,3d,,,looping,,,,,,,,,,,100,500,0.5,,,,,,,75,85,0.25,1,yes
lvt_crash,,,SFX\Levels\Peleliu_1\lvt\lvt_crash.wav,,1,1,100,1200,,,,,explosion,,curve3,,1800,,curve2,1,1,,2d,streamed,,,,,,,,,,,,,100,500,0.7,0,,,,,,90,90,0.25,1,
# LVT Door fx,,,,,,,,,,,,,,,,,,,,,,,,,,,,,,,,,,,,,,,,,,,,,,,,,,
lvt_splash,,,SFX/Levels/Peleliu_1/splash/splash_lvt.wav,,0.85,0.85,5000,125000,,,,,ambience,,,,,,,1,1,,2d,,,,,,,,,,,,,,,,,0,,,,,,90,90,0.25,1,yes
ramp_splash,,,SFX/Levels/Peleliu_1/splash/splash_door.wav,,0.75,0.75,5000,125000,,,,,ambience,,,,,,,1,1,,2d,,,,,,,,,,,wpn_fnt,,,,,,0,,,,,,90,90,0.25,1,yes
door_hydro,,,SFX/Levels/Peleliu_1/splash/hydraulic.wav,,0.65,0.65,5000,125000,,,,,ambience,,,,,,,1,1,,2d,,,,,,,,,,,wpn_fnt,,,,,,0,,,,,,90,90,0.25,1,yes
door_stop,,,SFX\Levels\Peleliu_1\OnShip\lst_door_stop.wav,,1,1,1000,2000,,,,,ambience,,,,4000,,,0.9,1.1,pitch,3d,,,,,,,,,,,,0.5,0.5,100,600,0.5,0,,,,,,90,90,0.25,1,yes
,,,,,,,,,,,,,,,,,,,,,,,,,,,,,,,,,,,,,,,,,,,,,,,,,,
lst_engine,,,SFX\Levels\Peleliu_1\OnShip\lst_engine.wav,,1,1,400,2000,,,,,vehicle,,,,4000,,,0.9,1.1,pitch,3d,,,looping,,,,,,,,,0.5,,100,600,0.7,0,,,,,,75,85,0.25,1,yes
,,,,,,,,,,,,,,,,,,,,,,,,,,,,,,,,,,,,,,,,,,,,,,,,,,
#tokyo_rose,,,Stream/Music/Mission/Peleliu_1/orphan_ann_sign-on.wav,,0.55,0.55,100,2000,,,,,ambience,,,,,,,1,1,,3d,streamed,,,,,,,,,,,,,,,,,,,,,,75,85,0.25,1,
# headshot,,,,,,,,,,,,,,,,,,,,,,,,,,,,,,,,,,,,,,,,,,,,,,,,,,
headshot_imp,,,SFX\Character\gibs_##,,1,1,1000,2000,,,,,full_vol,,,,4000,,,1,1,,2d,,,,,,,,headshot_rico,,,wpn_all,,,,,,0,,,,,,90,90,0.25,1,
headshot_rico,,,SFX\projectile\bullet\small\impacts\metal\metal_06.wav,,1,1,1000,2000,,,,,full_vol,,,,4000,,,1,1,,2d,,,,,,,,,,200,wpn_all,,,,,,0,,,,,,90,90,0.25,1,
,,,,,,,,,,,,,,,,,,,,,,,,,,,,,,,,,,,,,,,,,,,,,,,,,,
,,,,,,,,,,,,,,,,,,,,,,,,,,,,,,,,,,,,,,,,,,,,,,,,,,
,,,,,,,,,,,,,,,,,,,,,,,,,,,,,,,,,,,,,,,,,,,,,,,,,,
# Ambient SFX - Spawned,,,,,,,,,,,,,,,,,,,,,,,,,,,,,,,,,,,,,,,,,,,,,,,,,,
# Day Package,,,,,,,,,,,,,,,,,,,,,,,,,,,,,,,,,,,,,,,,,,,,,,,,,,
amb_bugs_cicada,,,SFX/null.wav,,0.1,0.15,100,800,,,,,ambience,,,,,,,0.9,1.1,,3d,,,,,,,pcm,,,,,,,,,,,,,,,,10,25,0.25,0.75,
amb_flies,,,SFX/Amb/animals/flies_##,,0.3,0.5,10,100,,,,,ambience,,,,,,,0.9,1.05,,3d,,,,,,,pcm,,,,,,,,,,,,,,,,10,25,0.25,0.75,
amb_bugs_other,,,SFX/Amb/animals/misc_bug_##,,0.15,0.25,250,2500,,,,,ambience,,,,,,,0.9,1.1,,3d,,,,,,,pcm,,,,,,,,,,,,,,,,10,25,0.25,0.75,
amb_mosquito,,,SFX/Amb/animals/mosquito_mn/mosquito_mn_00.wav,,0.5,0.8,10,1000,,,,,ambience,,,,,,,0.9,1.1,,3d,,,,,,,pcm,,,,,,,,,,,,,,,,10,25,0.25,0.75
amb_seagull,,,SFX/Amb/animals/seagull_##,,0.5,0.8,10,1000,,,,,ambience,,,,,,,0.9,1.1,,3d,,,,,,,pcm,,,,,,,,,,,,,,,,10,25,0.25,0.75
amb_odd_bug,,,SFX/Amb/animals/Odd_Bug_##,,0.5,0.8,10,1000,,,,,ambience,,,,,,,0.9,1.1,,3d,,,,,,,pcm,,,,,,,,,,,,,,,,10,25,0.25,0.75
,,,,,,,,,,,,,,,,,,,,,,,,,,,,,,,,,,,,,,,,,,,,,,,,,
# FIRES - move later,,,,,,,,,,,,,,,,,,,,,,,,,,,,,,,,,,,,,,,,,,,,,,,,,
bunker_fire,,,SFX/Destruction/fires/bldg_fire/med_##,,1,1,100,3000,,,,,ambience,,,,,,,1,1,,3d,,,looping,,,,pcm,,,,,,,,,,,,,,,,50,80,0.15,0.85
small_fire,,,SFX/Destruction/fires/small/small_00.wav,1,0.55,0.75,50,500,,,,,ambience,,,,,,,0.9,1.05,,3d,,,looping,,,,pcm,,,,,,,,,,,,,,,,20,40,0.15,0.85
small_fire,,,SFX/Destruction/fires/small/small_07.wav,2,0.55,0.75,50,500,,,,,ambience,,,,,,,0.9,1.05,,3d,,,looping,,,,pcm,,,,,,,,,,,,,,,,20,40,0.15,0.85
small_fire,,,SFX/Destruction/fires/small/small_02.wav,3,0.55,0.75,50,500,,,,,ambience,,,,,,,0.9,1.05,,3d,,,looping,,,,pcm,,,,,,,,,,,,,,,,20,40,0.15,0.85
small_fire,,,SFX/Destruction/fires/small/small_03.wav,4,0.55,0.75,50,500,,,,,ambience,,,,,,,0.9,1.05,,3d,,,looping,,,,pcm,,,,,,,,,,,,,,,,20,40,0.15,0.85
small_fire,,,SFX/Destruction/fires/small/small_04.wav,5,0.55,0.75,50,500,,,,,ambience,,,,,,,0.9,1.05,,3d,,,looping,,,,pcm,,,,,,,,,,,,,,,,20,40,0.15,0.85
small_fire,,,SFX/Destruction/fires/small/small_05.wav,6,0.55,0.75,50,500,,,,,ambience,,,,,,,0.9,1.05,,3d,,,looping,,,,pcm,,,,,,,,,,,,,,,,20,40,0.15,0.85
,,,,,,,,,,,,,,,,,,,,,,,,,,,,,,,,,,,,,,,,,,,,,,,,,
see1_fire,,,SFX\Destruction\fires\small_##,,0.3,0.5,100,1000,,,,,explosion,,curve4,,2000,,curve2,0.9,1.1,pitch,3d,,,looping,,,,pcm,,,,,,,,,,0,,,,,,50,80,0.15,0.85
see1_fire_med,,,SFX\Destruction\fires\med_##,,0.3,0.5,100,1000,,,,,explosion,,curve4,,2000,,curve2,0.9,1.1,pitch,3d,,,looping,,,,pcm,,,,,,,,,,0,,,,,,50,80,0.15,0.85
,,,,,,,,,,,,,,,,,,,,,,,,,,,,,,,,,,,,,,,,,,,,,,,,,
fire_manager_0,,,SFX/Destruction/fires/dynamic/dyn_fire_00.wav,,1,1,50,500,,,,,ambience,,,,850,,curve2,0.9,1.05,,3d,,,looping,,,,pcm,,,,,,,,,,,,,,,,25,80,0.25,1,
fire_manager_1,,,SFX/Destruction/fires/dynamic/dyn_fire_01.wav,,1,1,50,500,,,,,ambience,,,,850,,curve2,0.9,1.05,,3d,,,looping,,,,pcm,,,,,,,,,,,,,,,,25,80,0.25,1,
fire_manager_2,,,SFX/Destruction/fires/dynamic/dyn_fire_02.wav,,1,1,50,500,,,,,ambience,,,,850,,curve2,0.9,1.05,,3d,,,looping,,,,pcm,,,,,,,,,,,,,,,,25,80,0.25,1,
fire_manager_3,,,SFX/Destruction/fires/dynamic/dyn_fire_03.wav,,1,1,50,500,,,,,ambience,,,,850,,curve2,0.9,1.05,,3d,,,looping,,,,pcm,,,,,,,,,,,,,,,,25,80,0.25,1,
,,,,,,,,,,,,,,,,,,,,,,,,,,,,,,,,,,,,,,,,,,,,,,,,,,
# Interior Package,,,,,,,,,,,,,,,,,,,,,,,,,,,,,,,,,,,,,,,,,,,,,,,,,,
amb_water_drips,,,SFX/Amb/water_drips_##,,0.3,0.5,10,100,,,,,ambience,,,,,,,0.9,1.05,,3d,,,,,,,pcm,,,,,,,,,,,,,,,,10,50,0.25,0.75,
amb_wood_creak,,,SFX/Amb/wood_creak_##,,0.5,0.8,10,150,,,,,ambience,,,,,,,0.9,1.1,,3d,,,,,,,pcm,,,,,,,,,,,,,,,,10,50,0.25,0.75,
amb_sand_fall,,,SFX/Amb/debris/sand_##,,0.1,0.5,10,400,,,,,ambience,,,,,,,0.9,1.1,,3d,,,,,,,pcm,,,,,,,,,,,,,,,,10,50,0.25,0.75,
amb_wood_dust,,,SFX/Amb/debris/wood_dust_##,,0.1,0.5,10,400,,,,,ambience,,,,,,,0.9,1.1,,3d,,,,,,,pcm,,,,,,,,,,,,,,,,10,50,0.25,0.75,
amb_sand_fall_particle,,,SFX/Amb/debris/sand_##,,0.1,0.3,10,200,,,,,ambience,,,,,,,0.9,1.1,,3d,,,,,,,pcm,,,,,,,,,,,,,,,,10,50,0.25,0.75,
bomb_close,,,SFX/Destruction/Explosion_Impact_##,,0.45,0.75,50,1500,,,,,ambience,,,,,,,,,,3d,,,,,,,,bomb_falloff,,,,,,,,,,,,,,,40,70,0.25,0.75,yes
bomb_medium,,,SFX/Destruction/Explosion_Impact_##,,0.25,0.35,100,500,,,,,ambience,,,,,,,,,,3d,,,,,,,,bomb_far_falloff,,,,,,,,,,,,,,,10,25,0.25,1,yes
bomb_falloff,,,SFX/Destruction/Explosion_Falloff_##,,0.7,0.75,100,4500,2,reject,,,ambience,,,,,,,,,,2d,,,,,,,,,,,,,,,,,,,,,,,10,25,0.25,1,yes
,,,,,,,,,,,,,,,,,,,,,,,,,,,,,,,,,,,,,,,,,,,,,,,,,,
bomb_far,,,SFX/Amb/bomb_far_##,,0.35,0.55,50,4500,,,,,ambience,,,,,,,,,,3d,,,,,,,,bomb_far_falloff,,,,,,,,,,,,,,,10,25,0.25,1,yes
bomb_far_falloff,,,SFX/Destruction/Explosion_Falloff_##,,0.65,0.75,50,4500,,,,,ambience,,,,,,,,,,3d,,,,,,,,,,500,,,,,,,,,,,,,10,25,0.25,0.75,yes
bomb_far_falloff_occluded,,,SFX/Destruction/explosion_occluded_##,,0.65,0.75,50,4500,,,,,ambience,,,,,,,,,,3d,,,,,,,,,,500,,,,,,,,,,,,,10,25,0.25,0.75,yes
,,,,,,,,,,,,,,,,,,,,,,,,,,,,,,,,,,,,,,,,,,,,,,,,,,
# Tunnel Ceiling,,,,,,,,,,,,,,,,,,,,,,,,,,,,,,,,,,,,,,,,,,,,,,,,,,
ceiling_dust,,,SFX/Amb/debris/ceiling_dust_##,,0.7,1,10,500,,,,,ambience,,curve3,,1000,,curve3,0.7,1.2,,3d,,,,,,,pcm,ceiling_crack,,,,,,10,500,0.25,0,,,,,,50,80,0.1,1,
ceiling_crack,,,SFX\Levels\oki3\ceiling_crack_##,,0.4,1,10,500,,,,,ambience,,curve4,,1000,,curve3,0.7,1.2,,3d,,0.3,,,,,pcm,,,,,,,10,500,0.25,0,,,,,,50,80,0.1,1,
# Under Water,,,,,,,,,,,,,,,,,,,,,,,,,,,,,,,,,,,,,,,,,,,,,,,,,,
under_waterF_loop,,,Stream\Level\ber2\under_waterF.wav,,0.7,0.7,,,,,,,voice,,,0,,,,,,,2d,,,looping,0.9,,,,,,500,wpn_all,,,,,,,,,,,,90,90,0.25,1,
under_waterF_silent,,,Stream\Level\ber2\under_waterF.wav,,0,0,,,,,,,voice,,,0,,,,,,,2d,,,looping,0.9,,,,,,,wpn_all,,,,,,,,,,,,90,90,0.25,1,
under_waterF_end,,,SFX\Character\underwater\vx\surface_##,,0.7,0.7,,,,,,,voice,,,0,,,,,,,2d,,,,0.9,,,,,,,wpn_all,,,,,,,,,,,,90,90,0.25,1,
,,,,,,,,,,,,,,,,,,,,,,,,,,,,,,,,,,,,,,,,,,,,,,,,,,
,,,,,,,,,,,,,,,,,,,,,,,,,,,,,,,,,,,,,,,,,,,,,,,,,,
#Ship Package,,,,,,,,,,,,,,,,,,,,,,,,,,,,,,,,,,,,,,,,,,,,,,,,,,
ship_creak,,,SFX/Levels/Peleliu_1/OnShip/Creak_##,,0.75,1,100,500,,,,,ambience,,,,,,,0.75,1,,3d,,,,,,,,,,,,,,,,,,,,,,,10,50,0.25,0.75,
,,,,,,,,,,,,,,,,,,,,,,,,,,,,,,,,,,,,,,,,,,,,,,,,,,
#VEHICLES,,,,,,,,,,,,,,,,,,,,,,,,,,,,,,,,,,,,,,,,,,,,,,,,,,
buffalo_idle_low,,,SFX/Vehicles/Tanks/Sherman/VH_Sherman_Idle_00.wav,,0.6,0.6,300,800,1,priority,,,vehicle,,curve4,,,,curve3,1,1,,3d,,,looping,0.7,,,,,,,,,,,,,,,,,,,80,100,0.25,0.75,
buffalo_engine_low,,,SFX/Vehicles/Tanks/Sherman/VH_Sherman_move_00.wav,,0.6,0.6,700,1200,1,priority,,,vehicle,,curve4,,,,curve3,1,1,,3d,,,looping,0.7,,,,,,,,,,,,,,,,,,,80,100,0.25,0.75,
,,,,,,,,,,,,,,,,,,,,,,,,,,,,,,,,,,,,,,,,,,,,,,,,,,
panzer2_turret_spin,,,SFX/Vehicles/Tanks/Turret/VH_Turret_Loop.wav,,0.75,0.75,35,1200,,,,,vehicle,,curve4,,,,,1,1,,3d,,,looping,0.7,,,,,,,,,,,,,,,,,,,40,70,0.25,0.75,
panzer2_turret_stop,,,SFX/Vehicles/Tanks/Turret/VH_Turret_End.wav,,0.75,0.75,35,1200,,,,,vehicle,,curve4,,,,,1,1,,3d,,,,0.7,,,,,,,,,,,,,,,,,,,40,70,0.25,0.75,
,,,,,,,,,,,,,,,,,,,,,,,,,,,,,,,,,,,,,,,,,,,,,,,,,,
# Barrels,,,,,,,,,,,,,,,,,,,,,,,,,,,,,,,,,,,,,,,,,,,,,,,,,,
exp_barrel,,,SFX/Destruction/exp/barrel_##,,0.8,1,500,5000,,,,,explosion,,curve3,,10000,,curve2,0.9,1.05,,3d,,,,,,,,exp_debris,,,,0.5,,,,,,,,,,,50,95,0.25,1,yes
barrel_fuse,,,SFX/Destruction/exp/flare_##,,0.3,0.4,50,500,,,,,explosion,,curve3,,1000,,curve2,0.9,1.05,,3d,,,,,,,,,,,,,,,,,,,,,,,50,95,0.25,1,yes
fuse,,,SFX/Destruction/exp/flare_##,,0.3,0.4,50,500,,,,,explosion,,curve3,,1000,,curve2,0.9,1.05,,3d,,,,,,,,,,,,,,,,,,,,,,,50,95,0.25,1,yes
exp_debris,,,SFX/Destruction/exp/debris_##,,0.7,0.7,50,1200,,,,,explosion,,curve3,,2400,,curve2,0.9,1.05,,3d,,,,,,,,bomb_falloff,,600,,0.1,0.4,,,,,,,,,,50,95,0.25,1,yes
exp_ammo,,,SFX/Destruction/ammocrate_##,,0.8,1,500,1700,,,,,explosion,,curve3,,3000,,curve2,1,1,,3d,,,,,,,,,,,,0.4,,,,,,,,,,,50,95,0.25,1,yes
,,,,,,,,,,,,,,,,,,,,,,,,,,,,,,,,,,,,,,,,,,,,,,,,,,
#Artillery,,,,,,,,,,,,,,,,,,,,,,,,,,,,,,,,,,,,,,,,,,,,,,,,,,
wpn_mortar_fire,,,SFX/Weapon/Mortars/Mortar/Fire/wpn_mortar_fire.wav,,0.9,1,100,1000,,,,,hvy_wpn,,curve3,,1500,,curve3,0.9,1.1,,3d,,,,,pel1,,,wpn_mortar_fire_dist,,,,,,,,,,,,,,,80,95,0.25,1,yes
wpn_mortar_fire_dist,,,SFX/Weapon/Mortars/Mortar/Fire/wpn_mortar_fire_dist.wav,,0.9,1,250,3000,,,,,hvy_wpn,,curve3,,6000,,curve3,0.9,1.1,,3d,,,,,pel1,,,,,,,,,,,,,,,,,,80,95,0.25,1,yes
,,,,,,,,,,,,,,,,,,,,,,,,,,,,,,,,,,,,,,,,,,,,,,,,,,
mortar_impact_water,,,SFX/Weapon/projectile/Mortar/w_impact_##,,0.7,0.8,400,4000,,,,,explosion,,curve4,,8000,,,0.9,1.1,,3d,,,,,pel1,,,mortar_water,,,,0.5,0.25,,,,0,,,,,,80,90,0.25,1,yes
mortar_water,,,SFX/Weapon/projectile/Mortar/w_splash_##,,0.7,0.8,400,4000,,,,,explosion,,curve4,,8000,,,0.9,1.1,,3d,,,,,pel1,,,mortar_water_dist,,,,,,,,,0,,,,,,80,90,0.25,1,yes
mortar_water_dist,,,SFX/Destruction/water_explo_dist_##,,0.6,0.65,3000,12000,,,,,explosion,,curve4,,24000,,,0.9,1.1,,3d,,,,,pel1,,,Mortar_explode_trail_l,,,,,,,,,0,,,,,,80,90,0.25,1,yes
,,,,,,,,,,,,,,,,,,,,,,,,,,,,,,,,,,,,,,,,,,,,,,,,,,
Mortar_explode_trail_l,,,SFX/Weapon/Gren/Gen_Gren/gren_trail_##,,0.4,0.6,500,12000,3,oldest,,,explosion,,curve3,,,,,0.9,1,,3d,,,,,all_sp,,,Mortar_explode_trail_r,,50,,,,,,,0,,yes,no,left_player,4,20,90,0.25,1,yes
Mortar_explode_trail_r,,,SFX/Weapon/Gren/Gen_Gren/gren_trail_##,,0.4,0.6,500,12000,3,oldest,,,explosion,,curve3,,,,,0.9,1,,3d,,,,,all_sp,,,Mortar_explode_dist,,150,,,,,,,0,,yes,no,right_player,4,20,90,0.25,1,yes
Mortar_explode_dist,,,SFX/Destruction/explosion_dist_##,,0.9,1,3000,12000,3,oldest,,,explosion,,curve5,,13000,,,0.9,1.1,,3d,,,,,all_sp,,,Mortar_explode_distR,,,,0.4,,,,,,,,,,,20,90,0.55,1,yes
Mortar_explode_distR,,,SFX/Destruction/explosion_dist_##,,0.9,1,3000,12000,3,oldest,,,explosion,,curve5,,13000,,,0.9,1.1,,3d,,,,,all_sp,,,bomb_far_falloff_glo,,,,0.4,,,,,,,,,,,20,90,0.55,1,yes
,,,,,,,,,,,,,,,,,,,,,,,,,,,,,,,,,,,,,,,,,,,,,,,,,,
mortar_explosion,,,SFX/Destruction/explosion_main_##,,0.8,0.9,500,4000,,,,,hvy_wpn,,,,,,,0.9,1.1,,3d,,,,,pel1,,,bomb_far_falloff_glo,,,,0.05,0.25,,,,,,,,,,20,95,0.25,1,yes
mortar_dirt,,,SFX/Destruction/explosion_main_##,,0.8,0.9,500,4000,,,,,hvy_wpn,,,,,,,0.9,1.1,,3d,,,,,pel1,,,bomb_far_falloff_glo,,,,0.05,0.25,,,,,,,,,,20,95,0.25,1,yes
bomb_far_falloff_glo,,,SFX/Destruction/explosion_dist_##,,0.9,1,3000,12000,,,,,hvy_wpn,,,,,,,0.9,1.1,,3d,,,,,pel1,,,mortar_dirt_debris,,,,0.4,,,,,,,,,,,40,60,0.55,1,yes
mortar_dirt_debris,,,SFX/Destruction/Explosion_Debris/dirt_##,,0.9,1,400,3000,,,,,hvy_wpn,,,,,,,0.9,1.1,,3d,,,,,pel1,,,bomb_falloff,,,,,,,,,,,,,,,20,90,0.25,1,yes
,,,,,,,,,,,,,,,,,,,,,,,,,,,,,,,,,,,,,,,,,,,,,,,,,,
rocket_impact,,,SFX/Destruction/explosion_main_##,,0.6,0.8,500,6000,3,oldest,,,explosion,,,,12000,,,0.9,1.1,,3d,,,,,,,,rocket_falloff_dist,,,,,,,,,,,,,,,60,90,0.65,1,yes
rocket_falloff_dist,,,SFX/Destruction/explosion_dist_##,,0.6,0.8,100,12000,3,oldest,,,explosion,,,,20000,,,1,1,,2d,,,,,,,,dist_debris_l,,1000,,1,,,,,,,,,,,20,85,0.65,1,yes
,,,,,,,,,,,,,,,,,,,,,,,,,,,,,,,,,,,,,,,,,,,,,,,,,,
rocket_target_explo,,,SFX\Destruction\Marquee_Explos\imp_Bunker_explo_00.wav,1,0.8,1,300,4500,,,,,explosion,,,,9000,,,,,,3d,,,,,,,,bomb_far_falloff,,,,,,,,,,,,,,,80,90,0.25,1,yes
rocket_target_explo,,,SFX\Destruction\Marquee_Explos\imp_Bunker_explo_01.wav,2,0.8,1,300,4500,,,,,explosion,,,,9000,,,,,,3d,,,,,,,,bomb_far_falloff,,,,,,,,,,,,,,,80,90,0.25,1,yes
,,,,,,,,,,,,,,,,,,,,,,,,,,,,,,,,,,,,,,,,,,,,,,,,,,
rocket_impact,,,SFX/Destruction/explosion_main_##,,0.6,0.8,500,6000,3,oldest,,,explosion,,,,12000,,,0.9,1.1,,3d,,,,,,,,mortar_dirt_debris,,,,,,,,,,,,,,,60,90,0.65,1,yes
,,,,,,,,,,,,,,,,,,,,,,,,,,,,,,,,,,,,,,,,,,,,,,,,,,
rocket_explode_dirt,,,SFX/Destruction/explosion_main_##,,0.75,1,1500,9000,,,,,explosion,,,,,,,0.9,1.1,,3d,,,,,pel1,,,rocket_debris_dirt,,,,0.7,,,,,0,,yes,no,,,80,95,0.25,1,yes
rocket_explode_water,,,SFX/Weapon/Gren/grenade_water/grenade_water_02.wav,1,0.8,0.9,500,9000,,,,,explosion,,,,,,,0.9,1.1,,3d,,,,,pel1,,,,,,,0.25,,,,,0,,yes,no,,,20,95,0.25,1,yes
rocket_explode_water,,,SFX/Weapon/Gren/grenade_water/grenade_water_03.wav,2,0.8,0.9,500,9000,,,,,explosion,,,,,,,0.9,1.1,,3d,,,,,pel1,,,,,,,0.25,,,,,0,,yes,no,,,20,95,0.25,1,yes
rocket_explode_water,,,SFX/Weapon/Gren/grenade_water/grenade_water_04.wav,3,0.8,0.9,500,9000,,,,,explosion,,,,,,,0.9,1.1,,3d,,,,,pel1,,,,,,,0.25,,,,,0,,yes,no,,,20,95,0.25,1,yes
rocket_debris_dirt,,,SFX/Destruction/Explosion_Debris/Dirt_##,,0.8,0.9,500,6000,,,,,explosion,,,,,,,0.9,1.1,,3d,,,,,pel1,,,rocket_expander,,,,,,,,,0,,yes,no,,,80,95,0.25,1,yes
rocket_explode_default,,,SFX/null.wav,,0.8,0.9,500,4000,,,,,explosion,,,,,,,0.9,1.1,,3d,,,,,pel1,,,,,,,,,,,,0,,yes,no,,,20,95,0.25,1,yes
,,,,,,,,,,,,,,,,,,,,,,,,,,,,,,,,,,,,,,,,,,,,,,20,,,,
shell_explode_dirt,,,SFX/Destruction/Explosion_Debris/Dirt_##,,0.8,0.9,500,4000,,,,,explosion,,,,,,,0.9,1.1,,3d,,,,,pel1,,,,,,,1,,,,,,,,,,,20,95,0.25,1,yes
shell_explode_default,,,SFX/Destruction/Explosion_Impact_##,,0.8,0.9,500,4000,,,,,explosion,,,,,,,0.9,1.1,,3d,,,,,pel1,,,,,,,0.7,,,,,,,,,,,20,95,0.25,1,yes
,,,,,0.8,0.9,500,4000,,,,,explosion,,,,,,,0.9,1.1,,3d,,,,,pel1,,,,,,,,,,,,,,,,,,20,95,0.25,1,yes,,
rocket_expander,,,SFX/Destruction/Explosion_Falloff_##,,0.8,1,,,,,,,explosion,,,,,,,1,1,,3d,,,,,,,,explo_explode_trail_l,,,,,,,,,,,,,,,20,90,0.65,1,yes,,
rocket_dirt,,,SFX/Destruction/Explosion_Debris/dirt_##,,0.75,0.95,500,3000,,,,,explosion,,,,,,,0.9,1.1,,3d,,,,,,,,rocket_impact,,,,,,,,,,,,,,,20,90,0.65,1,yes,,
,,,,,,,,,,,,,,,,,,,,,,,,,,,,,,,,,,,,,,,,,,,,,,,,,,,,
rocket_launch,,,SFX/Weapon/gen_rocket/launch/gen_rocket_launch.wav,1,0.95,1,2500,25000,8,priority,,,explosion,,,,36000,,,1,1.05,,3d,,,,,,,,,,,,,,,,,,,,,,,20,95,0.25,1,,,
rocket_launch,,,SFX/Weapon/gen_rocket/launch/gen_rocket_launch_b.wav,2,0.95,1,2500,25000,8,priority,,,explosion,,,,36000,,,1,1.05,,3d,,,,,,,,,,,,,,,,,,,,,,,20,95,0.25,1,,,
rocket_barrage_l,,,SFX/Weapon/gen_rocket/rocket_barrage/rocket_barrage.wav,,0.3,0.3,1200,8000,,,,,explosion,,,,,,,1,1.05,,3d,,,,,,,,,,,,,,,,,,,,,,,20,90,0.25,1,,,
rocket_barrage_r,,,SFX/Weapon/gen_rocket/rocket_barrage/rocket_barrage.wav,,0.65,0.65,5000,8000,,,,,explosion,,,,,,,1,1.05,,3d,,,,,,,,,,,,,,,,,,,,,,,20,90,0.25,1,,,
rocket_barrage_s,,,SFX/Weapon/gen_rocket/rocket_barrage/rocket_barrage.wav,,0.75,0.75,5000,45000,,,,,hvy_wpn,,,,,,,1,1.05,,3d,,,,,,,,,,,,,,,,,,,,,,,20,90,0.25,1,,,
rocket_run,,,SFX/Weapon/gen_rocket/rocket_run_##,,0.85,1,500,17000,12,reject,,,projectile,,curve3,,,,,0.9,1.1,,3d,,looping,,,,,,,,,,,,,,,,,no,no,,,20,60,0.25,0.75,,,yes
,,,,,,,,,,,,,,,,,,,,,,,,,,,,,,,,,,,,,,,,,,,,,,,,,,,,
,,,,,,,,,,,,,,,,,,,,,,,,,,,,,,,,,,,,,,,,,,,,,,,,,,,,
fake_rockets_L,,,SFX\Levels\Peleliu_1\fakerockets\new\fake_rockets_l.wav,,1,1,2000,18000,,,,,full_vol,,curve4,,,,,1,1,,3d,,,,,,,,explo_explode_trail_l,,,,,,,,,0,,no,no,left_player,10,100,100,0.25,0.75,,,
fake_rockets_R,,,SFX\Levels\Peleliu_1\fakerockets\new\fake_rockets_r.wav,,1,1,2000,18000,,,,,full_vol,,curve4,,,,,1,1,,3d,,,,,,,,bunker_explo_sweet_l,,,,,,,,,0,,no,no,right_player,10,100,100,0.25,0.75,,,
,,,,,,,,,,,,,,,,,,,,,,,,,,,,,,,,,,,,,,,,,,,,,,,,,,,,
bunker_explo,,,SFX\Destruction\Marquee_Explos\Explo_Storage.wav,,0.95,1,500,10000,,,,,full_vol,,curve4,,15000,,curve2,0.9,1.1,,3d,,,,,,,,bunker_explo_sweet_l,,,,0.5,0.3,,,,0,,no,no,,,90,95,0.25,1,yes,,
bunker_explo_sweet_l,,,SFX/Destruction/debris_sweet_##,,1,1,500,7000,3,oldest,,,full_vol,,curve5,,10000,,,0.9,1,,3d,,,,,,,,bunker_explo_sweet_r,,50,,,,,,,0,,yes,,left_player,6,90,90,0.25,1,yes
bunker_explo_sweet_r,,,SFX/Destruction/debris_sweet_##,,1,1,500,7000,3,oldest,,,full_vol,,curve5,,10000,,,0.9,1,,3d,,,,,,,,bunker_explo_sweet_frag_l,,50,,,,,,,0,,yes,,right_player,6,90,90,0.25,1,yes
bunker_explo_sweet_frag_l,,,SFX/Destruction/frag_by_##,,1,1,500,7000,3,oldest,,,full_vol,,curve5,,10000,,,0.9,1,,3d,,,,,,,,bunker_explo_sweet_frag_r,,50,,,,,,,0,,yes,,left_player,6,90,90,0.25,1,yes
bunker_explo_sweet_frag_r,,,SFX/Destruction/frag_by_##,,1,1,500,7000,3,oldest,,,full_vol,,curve5,,10000,,,0.9,1,,3d,,,,,,,,explo_explode_trail_l,,50,,,,,,,0,,yes,,right_player,6,90,90,0.25,1,yes
,,,,,,,,,,,,,,,,,,,,,,,,,,,,,,,,,,,,,,,,,,,,,,,,,,
explo_explode_trail_l,,,SFX/Weapon/Gren/Gen_Gren/gren_trail_##,,0.4,0.6,500,2000,3,oldest,,,explosion,,curve5,,10000,,,0.9,1,,3d,,,,,,,,explo_explode_trail_r,,50,,,,,,,0,,yes,,left_player,6,90,90,0.25,1,yes
explo_explode_trail_r,,,SFX/Weapon/Gren/Gen_Gren/gren_trail_##,,0.4,0.6,500,2000,3,oldest,,,explosion,,curve5,,10000,,,0.9,1,,3d,,,,,,,,explo_explode_dist,,50,,,,,,,0,,yes,,right_player,6,90,90,0.25,1,yes
explo_explode_dist,,,SFX/Destruction/explosion_dist_##,,0.9,1,3000,12000,3,oldest,,,explosion,,curve5,,13000,,,0.9,1.1,,3d,,,,,,,,explo_explode_distR,,,,0.4,,,,,0,,yes,,left_player,6,40,60,0.55,1,yes
explo_explode_distR,,,SFX/Destruction/explosion_dist_##,,0.9,1,3000,12000,3,oldest,,,explosion,,curve5,,13000,,,0.9,1.1,,3d,,,,,,,,,,,,0.4,,,,,0,,yes,,right_player,6,40,60,0.55,1,yes
,,,,,,,,,,,,,,,,,,,,,,,,,,,,,,,,,,,,,,,,,,,,,,,,,,
,,,,,,,,,,,,,,,,,,,,,,,,,,,,,,,,,,,,,,,,,,,,,,,,,,
#Sherman,,,,,,,,,,,,,,,,,,,,,,,,,,,,,,,,,,,,,,,,,,,,,,,,,,
,,,,,,,,,,,,,,,,,,,,,,,,,,,,,,,,,,,,,,,,,,,,,,,,,,
sherman_idle,,,SFX\Vehicles\Tanks\Sherman\VH_Sherman_move_00.wav,,0.3,0.3,150,500,4,priority,,,vehicle,,curve2,,700,,curve1,0.8,1.1,pitch,3d,,,looping,,,,,,,,,0.1,,,,,0.2,,,,,,50,60,0.6,0.75,yes
sherman_drive,,,SFX\Vehicles\Tanks\Sherman\VH_Sherman_move_00.wav,,0.3,0.3,350,1000,4,priority,,,vehicle,,curve3,,2000,,curve2,0.8,1.1,pitch,3d,,,looping,,,,,,,,,0.1,,,,,0.2,,,,,,50,80,0.4,0.75,yes
sherman_turret_spin,,,SFX\Vehicles\Tanks\Turret\VH_Turret_Loop.wav,,0.6,0.6,200,500,,,,,vehicle,,curve2,,600,,curve1,0.8,1.1,pitch,3d,,,looping,,,,,,,,,,,,,,0.2,,,,,,50,80,0.28,0.75,
sherman_turret_stop,,,SFX\Vehicles\Tanks\Turret\VH_Turret_End.wav,,0.6,0.6,200,500,,,,,vehicle,,curve2,,600,,curve1,0.8,1.1,pitch,3d,,,,,,,,,,,,,,,,,0.2,,,,,,50,80,0.28,0.75,,
,,,,,,,,,,,,,,,,,,,,,,,,,,,,,,,,,,,,,,,,,,,,,,,,,,,
,,,,,,,,,,,,,,,,,,,,,,,,,,,,,,,,,,,,,,,,,,,,,,,,,,,
,,,,,,,,,,,,,,,,,,,,,,,,,,,,,,,,,,,,,,,,,,,,,,,,,,,
,,,,,,,,,,,,,,,,,,,,,,,,,,,,,,,,,,,,,,,,,,,,,,,,,,,
# Outro,,,,,,,,,,,,,,,,,,,,,,,,,,,,,,,,,,,,,,,,,,,,,,,,,,,
outro_door_hit,,,SFX\Levels\Peleliu_1\outro\outro_door_hit.wav,,1,1,500,1500,,,,,full_vol,,,,3000,,,1,1,,3d,streamed,,,,,,,,,,,,,,,,,,,,,,90,90,0.25,1,,
outro_stab,,,SFX\Levels\Peleliu_1\outro\outro_stab.wav,,1,1,500,1500,,,,,full_vol,,,,3000,,,1,1,,3d,streamed,,,,,,,,,,,,,,,,,,,,,,90,90,0.25,1,,
outro_bonzai,,,SFX\Levels\Peleliu_1\outro\outro_banzai.wav,,1,1,500,1500,,,,,full_vol,,,,3000,,,1,1,,3d,streamed,,,,,,,,,,,,,,,,,,,,,,90,90,0.25,1,,
outro_gunshot,,,SFX\Levels\Peleliu_1\outro\outro_gunshot.wav,,1,1,500,1500,,,,,full_vol,,,,3000,,,1,1,,3d,,,,,,,,,,,music_all,,,,,,,,,,,,90,90,0.25,1,,
# Dialogue,,,,,,,,,,,,,,,,,,,,,,,,,,,,,,,,,,,,,,,,,,,,,,,,,,,
Pel1_IGD_900A_JAS2_ST,,,voiceovers\pel1\mast\Pel1_IGD_900A_JAS2_ST.wav,,1,1,500,2800,,,,,voice,,,,3200,,,1,1,,2d,streamed,,,,,,,,,,music_all,,,,,,0.2,,,,,,100,100,0.25,1,,
Pel1_IGD_900A_JAS2,,,voiceovers\pel1\mast\Pel1_IGD_901A_JAS1.wav,,1,1,500,2800,,,,,voice,,,,3200,,,1,1,,3d,streamed,,,,,,,,,,,,1,,,,0.2,,,,,,100,100,0.25,1,,
Pel1_IGD_901A_JAS1,,,voiceovers\pel1\mast\Pel1_IGD_901A_JAS1.wav,,1,1,500,2800,,,,,voice,,,,3200,,,1,1,,3d,streamed,,,,,,,,,,,,1,,,,0.2,,,,,,100,100,0.25,1,,
Pel1_IGD_902A_JAS3,,,voiceovers\pel1\mast\Pel1_IGD_902A_JAS3.wav,,1,1,500,2800,,,,,voice,,,,3200,,,1,1,,3d,streamed,,,,,,,,,,,,1,,,,0.2,,,,,,100,100,0.25,1,,
Pel1_IGD_903A_JAS1,,,voiceovers\pel1\mast\Pel1_IGD_903A_JAS1.wav,,1,1,500,2800,,,,,voice,,,,3200,,,1,1,,3d,streamed,,,,,,,,,,,,1,,,,0.2,,,,,,100,100,0.25,1,,
Pel1_IGD_904A_JAS1,,,voiceovers\pel1\mast\Pel1_IGD_904A_JAS1.wav,,1,1,500,2800,,,,,voice,,,,3200,,,1,1,,3d,streamed,,,,,,,,,,,,1,,,,0.2,,,,,,100,100,0.25,1,,
Pel1_IGD_905A_JAS1,,,voiceovers\pel1\mast\Pel1_IGD_905A_JAS1.wav,,1,1,500,2800,,,,,voice,,,,3200,,,1,1,,3d,streamed,,,,,,,,,,,,1,,,,0.2,,,,,,100,100,0.25,1,,
Pel1_IGD_906A_JAS3,,,voiceovers\pel1\mast\Pel1_IGD_906A_JAS3.wav,,1,1,500,2800,,,,,voice,,,,3200,,,1,1,,3d,streamed,,,,,,,,,,,,1,,,,0.2,,,,,,100,100,0.25,1,,
Pel1_IGD_907A_JAS1,,,voiceovers\pel1\mast\Pel1_IGD_907A_JAS1.wav,,1,1,500,2800,,,,,voice,,,,3200,,,1,1,,3d,streamed,,,,,,,,,,,,1,,,,0.2,,,,,,100,100,0.25,1,,
Pel1_IGD_908A_JAS3,,,voiceovers\pel1\mast\Pel1_IGD_908A_JAS3.wav,,1,1,500,2800,,,,,voice,,,,3200,,,1,1,,3d,streamed,,,,,,,,,,,,1,,,,0.2,,,,,,100,100,0.25,1,,
Pel1_IGD_909A_JAS1,,,voiceovers\pel1\mast\Pel1_IGD_909A_JAS1.wav,,1,1,500,2800,,,,,voice,,,,3200,,,1,1,,3d,streamed,,,,,,,,,,,,1,,,,0.2,,,,,,100,100,0.25,1,,
Pel1_IGD_910A_JAS3,,,voiceovers\pel1\mast\Pel1_IGD_910A_JAS3.wav,,1,1,500,2800,,,,,voice,,,,3200,,,1,1,,3d,streamed,,,,,,,,,,,,1,,,,0.2,,,,,,100,100,0.25,1,,
Pel1_IGD_911A_JAS3,,,voiceovers\pel1\mast\Pel1_IGD_911A_JAS3.wav,,1,1,500,2800,,,,,voice,,,,3200,,,1,1,,3d,streamed,,,,,,,,,,,,1,,,,0.2,,,,,,100,100,0.25,1,,
Pel1_IGD_912A_JAS3,,,voiceovers\pel1\mast\Pel1_IGD_912A_JAS3.wav,,1,1,500,2800,,,,,voice,,,,3200,,,1,1,,3d,streamed,,,,,,,,,,,,1,,,,0.2,,,,,,100,100,0.25,1,,
Pel1_INT_000A_SULL,,,voiceovers\pel1\mast\Pel1_INT_000A_SULL.wav,,1,1,500,2800,,,,,voice,,,,3200,,,1,1,,3d,streamed,,,master,,,,,,,,,1,,,,0.2,,,,,,100,100,0.25,1,,SUBTITLE_Pel1_INT_000A_SULL
Pel1_INT_001A_ROEB,,,voiceovers\pel1\mast\Pel1_INT_001B_ROEB.wav,,1,1,500,2800,,,,,voice,,,,3200,,,1,1,,3d,streamed,,,master,,,,,,,,,1,,,,0.2,,,,,,100,100,0.25,1,,SUBTITLE_Pel1_INT_001B_ROEB
Pel1_INT_002A_ROEB,,,voiceovers\pel1\mast\Pel1_INT_002A_ROEB_A.wav,,1,1,500,2800,,,,,voice,,,,3200,,,1,1,,3d,streamed,,,master,,,,,,,,,1,,,,0.2,,,,,,100,100,0.25,1,,SUBTITLE_Pel1_INT_002A_ROEB_A
Pel1_INT_004A_SULL,,,voiceovers\pel1\mast\Pel1_INT_004A_SULL.wav,,1,1,500,2800,,,,,voice,,,,3200,,,1,1,,3d,streamed,,,master,,,,,,,,,1,,,,0.2,,,,,,100,100,0.25,1,,SUBTITLE_Pel1_INT_004A_SULL
Pel1_INT_005A_ROEB,,,voiceovers\pel1\mast\Pel1_INT_005A_ROEB_A.wav,,1,1,500,2800,,,,,voice,,,,3200,,,1,1,,3d,streamed,,,master,,,,,,,,,1,,,,0.2,,,,,,100,100,0.25,1,,SUBTITLE_Pel1_INT_005A_ROEB_A
Pel1_INT_006A_ROEB,,,voiceovers\pel1\mast\Pel1_INT_006A_ROEB.wav,,1,1,500,2800,,,,,voice,,,,3200,,,1,1,,3d,streamed,,,master,,,,,,,,,1,,,,0.2,,,,,,100,100,0.25,1,,SUBTITLE_Pel1_INT_006A_ROEB
Pel1_INT_200A_ROEB,,yes,voiceovers\pel1\mast\Pel1_INT_200A_ROEB.wav,1,1,1,500,2800,,,,,voice,,,,3200,,,1,1,,3d,streamed,,,master,,,,,,,,,1,,,,0.2,,,,,,100,100,0.25,1,,SUBTITLE_Pel1_INT_200A_ROEB
Pel1_INT_200A_ROEB,,no,voiceovers\pel1\mast\Pel1_INT_200A_ROEB_safe.wav,2,1,1,500,2800,,,,,voice,,,,3200,,,1,1,,3d,streamed,,,master,,,,,,,,,1,,,,0.2,,,,,,100,100,0.25,1,,SUBTITLE_Pel1_INT_200A_ROEB_safe
Pel1_INT_003A_SULL,,yes,voiceovers\pel1\mast\Pel1_INT_003A_SULL.wav,1,1,1,500,2800,,,,,voice,,,,3200,,,1,1,,3d,streamed,,,master,,,,,,,,,1,,,,0.2,,,,,,100,100,0.25,1,,SUBTITLE_Pel1_INT_003A_SULL
Pel1_INT_003A_SULL,,no,voiceovers\pel1\mast\Pel1_INT_003A_SULL_safe.wav,2,1,1,500,2800,,,,,voice,,,,3200,,,1,1,,3d,streamed,,,master,,,,,,,,,1,,,,0.2,,,,,,100,100,0.25,1,,SUBTITLE_Pel1_INT_003A_SULL_safe
Pel1_INT_007A_SULL,,,voiceovers\pel1\mast\Pel1_INT_007A_SULL.wav,,1,1,500,2800,,,,,voice,,,,3200,,,1,1,,3d,streamed,,,master,,,,,,,,,1,,,,0.2,,,,,,100,100,0.25,1,,SUBTITLE_Pel1_INT_007A_SULL
Pel1_INT_100A_ROEB,,,voiceovers\pel1\mast\Pel1_INT_100A_ROEB.wav,,1,1,500,2800,,,,,voice,,,,3200,,,1,1,,3d,streamed,,,master,,,,,,,,,1,,,,0.2,,,,,,100,100,0.25,1,,SUBTITLE_Pel1_INT_100A_ROEB
Pel1_INT_008A_SULL,,,voiceovers\pel1\mast\Pel1_INT_008A_SULL.wav,,1,1,500,2800,,,,,voice,,,,3200,,,1,1,,3d,streamed,,,master,,,,,,,,,1,,,,0.2,,,,,,100,100,0.25,1,,SUBTITLE_Pel1_INT_008A_SULL
Pel1_INT_009A_ROEB,,,voiceovers\pel1\mast\Pel1_INT_009A_ROEB_A.wav,,1,1,500,2800,,,,,voice,,,,3200,,,1,1,,3d,streamed,,,master,,,,,,,,,1,,,,0.2,,,,,,100,100,0.25,1,,SUBTITLE_Pel1_INT_009A_ROEB_A
Pel1_INT_010A_PSOU,,yes,voiceovers\pel1\mast\Pel1_INT_010A_PSOU.wav,1,1,1,500,2800,,,,,voice,,,,3200,,,1,1,,3d,streamed,,,master,,,,,,,,,1,,,,0.2,,,,,,100,100,0.25,1,,SUBTITLE_Pel1_INT_010A_PSOU
Pel1_INT_010A_PSOU,,no,voiceovers\pel1\mast\Pel1_INT_010A_PSOU_safe.wav,2,1,1,500,2800,,,,,voice,,,,3200,,,1,1,,3d,streamed,,,master,,,,,,,,,1,,,,0.2,,,,,,100,100,0.25,1,,SUBTITLE_Pel1_INT_010A_PSOU_safe
Pel1_INT_101A_POLO,,,voiceovers\pel1\mast\Pel1_INT_101A_POLO.wav,,1,1,500,2800,,,,,voice,,,,3200,,,1,1,,3d,streamed,,,master,,,,,,,,,1,,,,0.2,,,,,,100,100,0.25,1,,SUBTITLE_Pel1_INT_101A_POLO
Pel1_INT_011A_ROEB,,yes,voiceovers\pel1\mast\Pel1_INT_011A_ROEB_a.wav,1,1,1,500,2800,,,,,voice,,,,3200,,,1,1,,3d,streamed,,,master,,,,,,,,,1,,,,0.2,,,,,,100,100,0.25,1,,SUBTITLE_Pel1_INT_011A_ROEB_a
Pel1_INT_011A_ROEB,,no,voiceovers\pel1\mast\Pel1_INT_011A_ROEB_safe.wav,2,1,1,500,2800,,,,,voice,,,,3200,,,1,1,,3d,streamed,,,master,,,,,,,,,1,,,,0.2,,,,,,100,100,0.25,1,,SUBTITLE_Pel1_INT_011A_ROEB_safe
Pel1_INT_012A_PSOU,,,voiceovers\pel1\mast\Pel1_INT_012A_PSOU.wav,,1,1,500,2800,,,,,voice,,,,3200,,,1,1,,3d,streamed,,,master,,,,,,,,,1,,,,0.2,,,,,,100,100,0.25,1,,SUBTITLE_Pel1_INT_012A_PSOU
Pel1_INT_013A_SULL,,,voiceovers\pel1\mast\Pel1_INT_013A_SULL.wav,,1,1,500,2800,,,,,voice,,,,3200,,,1,1,,3d,streamed,,,master,,,,,,,,,1,,,,0.2,,,,,,100,100,0.25,1,,SUBTITLE_Pel1_INT_013A_SULL
Pel1_INT_014A_ROEB,,,voiceovers\pel1\mast\Pel1_INT_014A_ROEB_A.wav,,1,1,500,2800,,,,,voice,,,,3200,,,1,1,,3d,streamed,,,master,,,,,,,,,1,,,,0.2,,,,,,100,100,0.25,1,,SUBTITLE_Pel1_INT_014A_ROEB_A
Pel1_INT_102A_SULL,,,voiceovers\pel1\mast\Pel1_INT_102A_SULL.wav,,1,1,500,2800,,,,,voice,,,,3200,,,1,1,,3d,streamed,,,master,,,,,,,,,1,,,,0.2,,,,,,100,100,0.25,1,,SUBTITLE_Pel1_INT_102A_SULL
Pel1_INT_015A_LVTD,,,voiceovers\pel1\mast\Pel1_INT_015A_LVTD.wav,,1,1,500,2800,,,,,voice,,,,3200,,,1,1,,3d,streamed,,,master,,,,,,,,,1,,,,0.2,,,,,,100,100,0.25,1,,SUBTITLE_Pel1_INT_015A_LVTD
Pel1_INT_103A_USR2,,,voiceovers\pel1\mast\Pel1_INT_103A_USR2.wav,,0,0,500,2800,,,,,voice,,,,3200,,,1,1,,3d,streamed,,,,,,,,,,,,1,,,,0.2,,,,,,100,100,0.25,1,,
Pel1_INT_016A_SULL,,,voiceovers\pel1\mast\Pel1_INT_016A_SULL.wav,,1,1,500,2800,,,,,voice,,,,3200,,,1,1,,3d,streamed,,,master,,,,,,,,,1,,,,0.2,,,,,,100,100,0.25,1,,SUBTITLE_Pel1_INT_016A_SULL
Pel1_INT_017A_POLO,,,voiceovers\pel1\mast\Pel1_INT_017A_POLO.wav,,1,1,500,2800,,,,,voice,,,,3200,,,1,1,,3d,streamed,,,master,,,,,,,,,1,,,,0.2,,,,,,100,100,0.25,1,,SUBTITLE_Pel1_INT_017A_POLO
Pel1_INT_018A_POLO,,yes,voiceovers\pel1\mast\Pel1_INT_018A_POLO.wav,1,1,1,500,2800,,,,,voice,,,,3200,,,1,1,,3d,streamed,,,master,,,,,,,,,1,,,,0.2,,,,,,100,100,0.25,1,,SUBTITLE_Pel1_INT_018A_POLO
Pel1_INT_018A_POLO,,no,voiceovers\pel1\mast\Pel1_INT_018A_POLO_safe_a.wav,2,1,1,500,2800,,,,,voice,,,,3200,,,1,1,,3d,streamed,,,master,,,,,,,,,1,,,,0.2,,,,,,100,100,0.25,1,,SUBTITLE_Pel1_INT_018A_POLO_safe_a
Pel1_INT_019A_SULL,,,voiceovers\pel1\mast\Pel1_INT_019A_SULL.wav,,1,1,500,2800,,,,,voice,,,,3200,,,1,1,,3d,streamed,,,master,,,,,,,,,1,,,,0.2,,,,,,100,100,0.25,1,,SUBTITLE_Pel1_INT_019A_SULL
Pel1_INT_020A_PSOU,,,voiceovers\pel1\mast\Pel1_INT_020A_PSOU.wav,,1,1,500,2800,,,,,voice,,,,3200,,,1,1,,3d,streamed,,,master,,,,,,,,,1,,,,0.2,,,,,,100,100,0.25,1,,SUBTITLE_Pel1_INT_020A_PSOU
Pel1_INT_021A_ROEB,,,voiceovers\pel1\mast\Pel1_INT_021A_ROEB.wav,,1,1,500,2800,,,,,voice,,,,3200,,,1,1,,3d,streamed,,,master,,,,,,,,,1,,,,0.2,,,,,,100,100,0.25,1,,SUBTITLE_Pel1_INT_021A_ROEB
Pel1_INT_021A_SULL,,,voiceovers\pel1\mast\Pel1_INT_021A_SULL.wav,,1,1,500,2800,,,,,voice,,,,3200,,,1,1,,3d,streamed,,,master,,,,,,,,,1,,,,0.2,,,,,,100,100,0.25,1,,SUBTITLE_Pel1_INT_021A_SULL
Pel1_INT_104A_SULL,,,voiceovers\pel1\mast\Pel1_INT_104A_SULL.wav,,1,1,500,2800,,,,,voice,,,,3200,,,1,1,,3d,streamed,,,master,,,,,,,,,1,,,,0.2,,,,,,100,100,0.25,1,,SUBTITLE_Pel1_INT_104A_SULL
Pel1_IGD_300A_SULL,,,voiceovers\pel1\mast\Pel1_IGD_300A_SULL.wav,,1,1,500,2800,,,,,voice,,,,3200,,,1,1,,3d,streamed,,,,,,,,,,,,1,,,,0.2,,,,,,100,100,0.25,1,,SUBTITLE_Pel1_IGD_300A_SULL
Pel1_IGD_301A_SULL,,yes,voiceovers\pel1\mast\Pel1_IGD_301A_SULL.wav,1,1,1,500,2800,,,,,voice,,,,3200,,,1,1,,3d,streamed,,,,,,,,,,,,1,,,,0.2,,,,,,100,100,0.25,1,,SUBTITLE_Pel1_IGD_301A_SULL
Pel1_IGD_301A_SULL,,no,voiceovers\pel1\mast\Pel1_IGD_301A_SULL_safe.wav,2,1,1,500,2800,,,,,voice,,,,3200,,,1,1,,3d,streamed,,,,,,,,,,,,1,,,,0.2,,,,,,100,100,0.25,1,,
Pel1_IGD_100A_SULL,,,voiceovers\pel1\mast\Pel1_IGD_100A_SULL.wav,,1,1,500,2800,,,,,voice,,,,3200,,,1,1,,3d,streamed,,,,,,,,,,,,1,,,,0.2,,,,,,100,100,0.25,1,,SUBTITLE_Pel1_IGD_100A_SULL
Pel1_IGD_302A_SULL,,,voiceovers\pel1\mast\Pel1_IGD_302A_SULL.wav,,1,1,500,2800,,,,,voice,,,,3200,,,1,1,,3d,streamed,,,,,,,,,,,,1,,,,0.2,,,,,,100,100,0.25,1,,SUBTITLE_Pel1_IGD_302A_SULL
Pel1_IGD_101A_SULL,,,voiceovers\pel1\mast\Pel1_IGD_101A_SULL.wav,,1,1,500,2800,,,,,voice,,,,3200,,,1,1,,3d,streamed,,,,,,,,,,,,1,,,,0.2,,,,,,100,100,0.25,1,,SUBTITLE_Pel1_IGD_101A_SULL
Pel1_IGD_102A_SULL,,,voiceovers\pel1\mast\Pel1_IGD_102A_SULL.wav,,1,1,500,2800,,,,,voice,,,,3200,,,1,1,,3d,streamed,,,,,,,,,,,,1,,,,0.2,,,,,,100,100,0.25,1,,SUBTITLE_Pel1_IGD_102A_SULL
Pel1_IGD_103A_SULL,,,voiceovers\pel1\mast\Pel1_IGD_103A_SULL.wav,,1,1,500,2800,,,,,voice,,,,3200,,,1,1,,3d,streamed,,,,,,,,,,,,1,,,,0.2,,,,,,100,100,0.25,1,,SUBTITLE_Pel1_IGD_103A_SULL
Pel1_IGD_104A_SULL,,,voiceovers\pel1\mast\Pel1_IGD_104A_SULL.wav,,1,1,500,2800,,,,,voice,,,,3200,,,1,1,,3d,streamed,,,,,,,,,,,,1,,,,0.2,,,,,,100,100,0.25,1,,SUBTITLE_Pel1_IGD_104A_SULL
Pel1_IGD_105A_SULL,,yes,voiceovers\pel1\mast\Pel1_IGD_105A_SULL.wav,1,1,1,500,2800,,,,,voice,,,,3200,,,1,1,,3d,streamed,,,,,,,,,,,,1,,,,0.2,,,,,,100,100,0.25,1,,SUBTITLE_Pel1_IGD_105A_SULL
Pel1_IGD_105A_SULL,,no,voiceovers\pel1\mast\Pel1_IGD_105A_SULL_safe.wav,2,1,1,500,2800,,,,,voice,,,,3200,,,1,1,,3d,streamed,,,,,,,,,,,,1,,,,0.2,,,,,,100,100,0.25,1,,SUBTITLE_Pel1_IGD_105A_SULL_safe
Pel1_IGD_106A_SULL,,,voiceovers\pel1\mast\Pel1_IGD_106A_SULL.wav,,1,1,500,2800,,,,,voice,,,,3200,,,1,1,,3d,streamed,,,,,,,,,,,,1,,,,0.2,,,,,,100,100,0.25,1,,SUBTITLE_Pel1_IGD_106A_SULL
Pel1_IGD_107A_SULL,,,voiceovers\pel1\mast\Pel1_IGD_107A_SULL.wav,,1,1,500,2800,,,,,voice,,,,3200,,,1,1,,3d,streamed,,,,,,,,,,,,1,,,,0.2,,,,,,100,100,0.25,1,,SUBTITLE_Pel1_IGD_107A_SULL
Pel1_IGD_200A_POLO,,,voiceovers\pel1\mast\Pel1_IGD_200A_POLO.wav,,1,1,500,2800,,,,,voice,,,,3200,,,1,1,,3d,streamed,,,,,,,,,,,,1,,,,0.2,,,,,,100,100,0.25,1,,SUBTITLE_Pel1_IGD_200A_POLO
Pel1_IGD_201A_POLO,,,voiceovers\pel1\mast\Pel1_IGD_201A_POLO.wav,,1,1,500,2800,,,,,voice,,,,3200,,,1,1,,3d,streamed,,,,,,,,,,,,1,,,,0.2,,,,,,100,100,0.25,1,,SUBTITLE_Pel1_IGD_201A_POLO
Pel1_IGD_202A_POLO,,,voiceovers\pel1\mast\Pel1_IGD_202A_POLO.wav,,1,1,500,2800,,,,,voice,,,,3200,,,1,1,,3d,streamed,,,,,,,,,,,,1,,,,0.2,,,,,,100,100,0.25,1,,SUBTITLE_Pel1_IGD_202A_POLO
Pel1_IGD_800A_RADO,,,voiceovers\pel1\mast\Pel1_IGD_800A_RADO.wav,,1,1,500,2800,,,,,voice,,,,3200,,,1,1,,2d,streamed,,,,,,,,,,all_center,,1,,,,0.2,,,,,,100,100,0.25,1,,SUBTITLE_Pel1_IGD_800A_RADO
Pel1_IGD_801A_RADO,,,voiceovers\pel1\mast\Pel1_IGD_801A_RADO.wav,,1,1,500,2800,,,,,voice,,,,3200,,,1,1,,2d,streamed,,,,,,,,,,all_center,,1,,,,0.2,,,,,,100,100,0.25,1,,SUBTITLE_Pel1_IGD_801A_RADO
Pel1_IGD_802A_RADO,,,voiceovers\pel1\mast\Pel1_IGD_802A_RADO.wav,,1,1,500,2800,,,,,voice,,,,3200,,,1,1,,2d,streamed,,,,,,,,,,all_center,,1,,,,0.2,,,,,,100,100,0.25,1,,SUBTITLE_Pel1_IGD_802A_RADO
Pel1_IGD_803A_RADO,,,voiceovers\pel1\mast\Pel1_IGD_803A_RADO.wav,,1,1,500,2800,,,,,voice,,,,3200,,,1,1,,2d,streamed,,,,,,,,,,all_center,,1,,,,0.2,,,,,,100,100,0.25,1,,SUBTITLE_Pel1_IGD_803A_RADO
Pel1_IGD_804A_RADO,,,voiceovers\pel1\mast\Pel1_IGD_804A_RADO.wav,,1,1,500,2800,,,,,voice,,,,3200,,,1,1,,2d,streamed,,,,,,,,,,all_center,,1,,,,0.2,,,,,,100,100,0.25,1,,SUBTITLE_Pel1_IGD_804A_RADO
Pel1_IGD_805A_RADO,,,voiceovers\pel1\mast\Pel1_IGD_805A_RADO.wav,,1,1,500,2800,,,,,voice,,,,3200,,,1,1,,2d,streamed,,,,,,,,,,all_center,,1,,,,0.2,,,,,,100,100,0.25,1,,SUBTITLE_Pel1_IGD_805A_RADO
Pel1_IGD_806A_RADO,,,voiceovers\pel1\mast\Pel1_IGD_806A_RADO.wav,,1,1,500,2800,,,,,voice,,,,3200,,,1,1,,2d,streamed,,,,,,,,,,all_center,,1,,,,0.2,,,,,,100,100,0.25,1,,SUBTITLE_Pel1_IGD_806A_RADO
Pel1_IGD_807A_RADO,,,voiceovers\pel1\mast\Pel1_IGD_807A_RADO.wav,,1,1,500,2800,,,,,voice,,,,3200,,,1,1,,2d,streamed,,,,,,,,,,all_center,,1,,,,0.2,,,,,,100,100,0.25,1,,SUBTITLE_Pel1_IGD_807A_RADO
Pel1_IGD_808A_RADO,,,voiceovers\pel1\mast\Pel1_IGD_808A_RADO.wav,,1,1,500,2800,,,,,voice,,,,3200,,,1,1,,2d,streamed,,,,,,,,,,all_center,,1,,,,0.2,,,,,,100,100,0.25,1,,SUBTITLE_Pel1_IGD_808A_RADO
Pel1_IGD_809A_RADO,,,voiceovers\pel1\mast\Pel1_IGD_809A_RADO.wav,,1,1,500,2800,,,,,voice,,,,3200,,,1,1,,2d,streamed,,,,,,,,,,all_center,,1,,,,0.2,,,,,,100,100,0.25,1,,SUBTITLE_Pel1_IGD_809A_RADO
Pel1_IGD_810A_RADO,,,voiceovers\pel1\mast\Pel1_IGD_810A_RADO.wav,,1,1,500,2800,,,,,voice,,,,3200,,,1,1,,2d,streamed,,,,,,,,,,all_center,,1,,,,0.2,,,,,,100,100,0.25,1,,SUBTITLE_Pel1_IGD_810A_RADO
Pel1_IGD_811A_RADO,,,voiceovers\pel1\mast\Pel1_IGD_811A_RADO.wav,,1,1,500,2800,,,,,voice,,,,3200,,,1,1,,2d,streamed,,,,,,,,,,all_center,,1,,,,0.2,,,,,,100,100,0.25,1,,SUBTITLE_Pel1_IGD_811A_RADO
Pel1_IGD_812A_RADO,,,voiceovers\pel1\mast\Pel1_IGD_812A_RADO.wav,,1,1,500,2800,,,,,voice,,,,3200,,,1,1,,2d,streamed,,,,,,,,,,all_center,,1,,,,0.2,,,,,,100,100,0.25,1,,SUBTITLE_Pel1_IGD_812A_RADO
Pel1_IGD_813A_RADO,,,voiceovers\pel1\mast\Pel1_IGD_813A_RADO.wav,,1,1,500,2800,,,,,voice,,,,3200,,,1,1,,2d,streamed,,,,,,,,,,all_center,,1,,,,0.2,,,,,,100,100,0.25,1,,SUBTITLE_Pel1_IGD_813A_RADO
Pel1_IGD_814A_RADO,,,voiceovers\pel1\mast\Pel1_IGD_814A_RADO.wav,,1,1,500,2800,,,,,voice,,,,3200,,,1,1,,2d,streamed,,,,,,,,,,all_center,,1,,,,0.2,,,,,,100,100,0.25,1,,SUBTITLE_Pel1_IGD_814A_RADO
Pel1_IGD_815A_RADO,,,voiceovers\pel1\mast\Pel1_IGD_815A_RADO.wav,,1,1,500,2800,,,,,voice,,,,3200,,,1,1,,2d,streamed,,,,,,,,,,all_center,,1,,,,0.2,,,,,,100,100,0.25,1,,SUBTITLE_Pel1_IGD_815A_RADO
Pel1_IGD_816A_RADO,,,voiceovers\pel1\mast\Pel1_IGD_816A_RADO.wav,,1,1,500,2800,,,,,voice,,,,3200,,,1,1,,2d,streamed,,,,,,,,,,all_center,,1,,,,0.2,,,,,,100,100,0.25,1,,SUBTITLE_Pel1_IGD_816A_RADO
Pel1_IGD_817A_RADO,,,voiceovers\pel1\mast\Pel1_IGD_817A_RADO.wav,,1,1,500,2800,,,,,voice,,,,3200,,,1,1,,2d,streamed,,,,,,,,,,all_center,,1,,,,0.2,,,,,,100,100,0.25,1,,SUBTITLE_Pel1_IGD_817A_RADO
Pel1_IGD_818A_RADO,,,voiceovers\pel1\mast\Pel1_IGD_818A_RADO.wav,,1,1,500,2800,,,,,voice,,,,3200,,,1,1,,2d,streamed,,,,,,,,,,all_center,,1,,,,0.2,,,,,,100,100,0.25,1,,SUBTITLE_Pel1_IGD_818A_RADO
Pel1_IGD_819A_RADO,,,voiceovers\pel1\mast\Pel1_IGD_819A_RADO.wav,,1,1,500,2800,,,,,voice,,,,3200,,,1,1,,2d,streamed,,,,,,,,,,all_center,,1,,,,0.2,,,,,,100,100,0.25,1,,SUBTITLE_Pel1_IGD_819A_RADO
Pel1_IGD_820A_RADO,,,voiceovers\pel1\mast\Pel1_IGD_820A_RADO.wav,,1,1,500,2800,,,,,voice,,,,3200,,,1,1,,2d,streamed,,,,,,,,,,all_center,,1,,,,0.2,,,,,,100,100,0.25,1,,SUBTITLE_Pel1_IGD_820A_RADO
Pel1_IGD_821A_RADO,,,voiceovers\pel1\mast\Pel1_IGD_821A_RADO.wav,,1,1,500,2800,,,,,voice,,,,3200,,,1,1,,2d,streamed,,,,,,,,,,all_center,,1,,,,0.2,,,,,,100,100,0.25,1,,SUBTITLE_Pel1_IGD_821A_RADO
Pel1_IGD_822A_RADO,,,voiceovers\pel1\mast\Pel1_IGD_822A_RADO.wav,,1,1,500,2800,,,,,voice,,,,3200,,,1,1,,2d,streamed,,,,,,,,,,all_center,,1,,,,0.2,,,,,,100,100,0.25,1,,SUBTITLE_Pel1_IGD_822A_RADO
Pel1_IGD_823A_RADO,,,voiceovers\pel1\mast\Pel1_IGD_823A_RADO.wav,,1,1,500,2800,,,,,voice,,,,3200,,,1,1,,2d,streamed,,,,,,,,,,all_center,,1,,,,0.2,,,,,,100,100,0.25,1,,SUBTITLE_Pel1_IGD_823A_RADO
Pel1_IGD_824A_RADO,,,voiceovers\pel1\mast\Pel1_IGD_824A_RADO.wav,,1,1,500,2800,,,,,voice,,,,3200,,,1,1,,2d,streamed,,,,,,,,,,all_center,,1,,,,0.2,,,,,,100,100,0.25,1,,SUBTITLE_Pel1_IGD_824A_RADO
Pel1_IGD_825A_RADO,,,voiceovers\pel1\mast\Pel1_IGD_825A_RADO.wav,,1,1,500,2800,,,,,voice,,,,3200,,,1,1,,2d,streamed,,,,,,,,,,all_center,,1,,,,0.2,,,,,,100,100,0.25,1,,SUBTITLE_Pel1_IGD_825A_RADO
Pel1_IGD_826A_RADO,,,voiceovers\pel1\mast\Pel1_IGD_826A_RADO.wav,,1,1,500,2800,,,,,voice,,,,3200,,,1,1,,2d,streamed,,,,,,,,,,all_center,,1,,,,0.2,,,,,,100,100,0.25,1,,SUBTITLE_Pel1_IGD_826A_RADO
Pel1_IGD_827A_RADO,,,voiceovers\pel1\mast\Pel1_IGD_827A_RADO.wav,,1,1,500,2800,,,,,voice,,,,3200,,,1,1,,2d,streamed,,,,,,,,,,all_center,,1,,,,0.2,,,,,,100,100,0.25,1,,SUBTITLE_Pel1_IGD_827A_RADO
Pel1_IGD_828A_RADO,,,voiceovers\pel1\mast\Pel1_IGD_828A_RADO.wav,,1,1,500,2800,,,,,voice,,,,3200,,,1,1,,2d,streamed,,,,,,,,,,all_center,,1,,,,0.2,,,,,,100,100,0.25,1,,SUBTITLE_Pel1_IGD_828A_RADO
Pel1_IGD_829A_RADO,,,voiceovers\pel1\mast\Pel1_IGD_829A_RADO.wav,,1,1,500,2800,,,,,voice,,,,3200,,,1,1,,2d,streamed,,,,,,,,,,all_center,,1,,,,0.2,,,,,,100,100,0.25,1,,SUBTITLE_Pel1_IGD_829A_RADO
Pel1_IGD_830A_RADO,,,voiceovers\pel1\mast\Pel1_IGD_830A_RADO.wav,,1,1,500,2800,,,,,voice,,,,3200,,,1,1,,2d,streamed,,,,,,,,,,all_center,,1,,,,0.2,,,,,,100,100,0.25,1,,SUBTITLE_Pel1_IGD_830A_RADO
Pel1_IGD_831A_RADO,,,voiceovers\pel1\mast\Pel1_IGD_831A_RADO.wav,,1,1,500,2800,,,,,voice,,,,3200,,,1,1,,2d,streamed,,,,,,,,,,all_center,,1,,,,0.2,,,,,,100,100,0.25,1,,SUBTITLE_Pel1_IGD_831A_RADO
Pel1_IGD_832A_RADO,,,voiceovers\pel1\mast\Pel1_IGD_832A_RADO.wav,,1,1,500,2800,,,,,voice,,,,3200,,,1,1,,2d,streamed,,,,,,,,,,all_center,,1,,,,0.2,,,,,,100,100,0.25,1,,SUBTITLE_Pel1_IGD_832A_RADO
Pel1_IGD_833A_RADO,,,voiceovers\pel1\mast\Pel1_IGD_833A_RADO.wav,,1,1,500,2800,,,,,voice,,,,3200,,,1,1,,2d,streamed,,,,,,,,,,all_center,,1,,,,0.2,,,,,,100,100,0.25,1,,SUBTITLE_Pel1_IGD_833A_RADO
Pel1_IGD_834A_RADO,,,voiceovers\pel1\mast\Pel1_IGD_834A_RADO.wav,,1,1,500,2800,,,,,voice,,,,3200,,,1,1,,2d,streamed,,,,,,,,,,all_center,,1,,,,0.2,,,,,,100,100,0.25,1,,SUBTITLE_Pel1_IGD_834A_RADO
Pel1_IGD_835A_RADO,,,voiceovers\pel1\mast\Pel1_IGD_835A_RADO.wav,,1,1,500,2800,,,,,voice,,,,3200,,,1,1,,2d,streamed,,,,,,,,,,all_center,,1,,,,0.2,,,,,,100,100,0.25,1,,SUBTITLE_Pel1_IGD_835A_RADO
Pel1_IGD_836A_RADO,,,voiceovers\pel1\mast\Pel1_IGD_836A_RADO.wav,,1,1,500,2800,,,,,voice,,,,3200,,,1,1,,2d,streamed,,,,,,,,,,all_center,,1,,,,0.2,,,,,,100,100,0.25,1,,SUBTITLE_Pel1_IGD_836A_RADO
Pel1_IGD_837A_RADO,,,voiceovers\pel1\mast\Pel1_IGD_837A_RADO.wav,,1,1,500,2800,,,,,voice,,,,3200,,,1,1,,2d,streamed,,,,,,,,,,all_center,,1,,,,0.2,,,,,,100,100,0.25,1,,SUBTITLE_Pel1_IGD_837A_RADO
Pel1_IGD_838A_RADO,,,voiceovers\pel1\mast\Pel1_IGD_838A_RADO.wav,,1,1,500,2800,,,,,voice,,,,3200,,,1,1,,2d,streamed,,,,,,,,,,all_center,,1,,,,0.2,,,,,,100,100,0.25,1,,SUBTITLE_Pel1_IGD_838A_RADO
Pel1_IGD_839A_RADO,,,voiceovers\pel1\mast\Pel1_IGD_839A_RADO.wav,,1,1,500,2800,,,,,voice,,,,3200,,,1,1,,2d,streamed,,,,,,,,,,all_center,,1,,,,0.2,,,,,,100,100,0.25,1,,SUBTITLE_Pel1_IGD_839A_RADO
Pel1_IGD_840A_RADO,,,voiceovers\pel1\mast\Pel1_IGD_840A_RADO.wav,,1,1,500,2800,,,,,voice,,,,3200,,,1,1,,2d,streamed,,,,,,,,,,all_center,,1,,,,0.2,,,,,,100,100,0.25,1,,SUBTITLE_Pel1_IGD_840A_RADO
Pel1_IGD_841A_RADO,,,voiceovers\pel1\mast\Pel1_IGD_841A_RADO.wav,,1,1,500,2800,,,,,voice,,,,3200,,,1,1,,2d,streamed,,,,,,,,,,all_center,,1,,,,0.2,,,,,,100,100,0.25,1,,SUBTITLE_Pel1_IGD_841A_RADO
Pel1_IGD_842A_RADO,,,voiceovers\pel1\mast\Pel1_IGD_842A_RADO.wav,,1,1,500,2800,,,,,voice,,,,3200,,,1,1,,2d,streamed,,,,,,,,,,all_center,,1,,,,0.2,,,,,,100,100,0.25,1,,SUBTITLE_Pel1_IGD_842A_RADO
Pel1_IGD_843A_RADO,,,voiceovers\pel1\mast\Pel1_IGD_843A_RADO.wav,,1,1,500,2800,,,,,voice,,,,3200,,,1,1,,2d,streamed,,,,,,,,,,all_center,,1,,,,0.2,,,,,,100,100,0.25,1,,SUBTITLE_Pel1_IGD_843A_RADO
Pel1_IGD_844A_RADO,,,voiceovers\pel1\mast\Pel1_IGD_844A_RADO.wav,,1,1,500,2800,,,,,voice,,,,3200,,,1,1,,2d,streamed,,,,,,,,,,all_center,,1,,,,0.2,,,,,,100,100,0.25,1,,SUBTITLE_Pel1_IGD_844A_RADO
Pel1_IGD_845A_RADO,,,voiceovers\pel1\mast\Pel1_IGD_845A_RADO.wav,,1,1,500,2800,,,,,voice,,,,3200,,,1,1,,2d,streamed,,,,,,,,,,all_center,,1,,,,0.2,,,,,,100,100,0.25,1,,SUBTITLE_Pel1_IGD_845A_RADO
Pel1_IGD_000A_SULL,,,voiceovers\pel1\mast\Pel1_IGD_000A_SULL.wav,,1,1,500,2800,,,,,voice,,,,3200,,,1,1,,3d,streamed,,,,,,,,,,,,1,,,,0.2,,,,,,100,100,0.25,1,,SUBTITLE_Pel1_IGD_000A_SULL
Pel1_IGD_001A_POLO,,,voiceovers\pel1\mast\Pel1_IGD_001A_POLO.wav,,1,1,500,2800,,,,,voice,,,,3200,,,1,1,,3d,streamed,,,,,,,,,,,,1,,,,0.2,,,,,,100,100,0.25,1,,SUBTITLE_Pel1_IGD_001A_POLO
Pel1_IGD_002A_SULL,,,voiceovers\pel1\mast\Pel1_IGD_002A_SULL.wav,,1,1,500,2800,,,,,voice,,,,3200,,,1,1,,3d,streamed,,,,,,,,,,,,1,,,,0.2,,,,,,100,100,0.25,1,,SUBTITLE_Pel1_IGD_002A_SULL
Pel1_IGD_003A_SULL,,,voiceovers\pel1\mast\Pel1_IGD_003A_SULL.wav,,1,1,500,2800,,,,,voice,,,,3200,,,1,1,,3d,streamed,,,,,,,,,,,,1,,,,0.2,,,,,,100,100,0.25,1,,SUBTITLE_Pel1_IGD_003A_SULL
Pel1_IGD_004A_SULL,,,voiceovers\pel1\mast\Pel1_IGD_004A_SULL.wav,,1,1,500,2800,,,,,voice,,,,3200,,,1,1,,3d,streamed,,,,,,,,,,,,1,,,,0.2,,,,,,100,100,0.25,1,,SUBTITLE_Pel1_IGD_004A_SULL
Pel1_IGD_005A_ROEB,,,voiceovers\pel1\mast\Pel1_IGD_005A_ROEB.wav,,1,1,500,2800,,,,,voice,,,,3200,,,1,1,,3d,streamed,,,,,,,,,,,,1,,,,0.2,,,,,,100,100,0.25,1,,SUBTITLE_Pel1_IGD_005A_ROEB
Pel1_IGD_203A_ROEB,,,voiceovers\pel1\mast\Pel1_IGD_203A_ROEB.wav,,1,1,500,2800,,,,,voice,,,,3200,,,1,1,,3d,streamed,,,,,,,,,,,,1,,,,0.2,,,,,,100,100,0.25,1,,SUBTITLE_Pel1_IGD_203A_ROEB
Pel1_IGD_204A_ROEB,,,voiceovers\pel1\mast\Pel1_IGD_204A_ROEB.wav,,1,1,500,2800,,,,,voice,,,,3200,,,1,1,,3d,streamed,,,,,,,,,,,,1,,,,0.2,,,,,,100,100,0.25,1,,SUBTITLE_Pel1_IGD_204A_ROEB
Pel1_IGD_205A_POLO,,,voiceovers\pel1\mast\Pel1_IGD_205A_POLO.wav,,1,1,500,2800,,,,,voice,,,,3200,,,1,1,,3d,streamed,,,,,,,,,,,,1,,,,0.2,,,,,,100,100,0.25,1,,SUBTITLE_Pel1_IGD_205A_POLO
Pel1_IGD_206A_ROEB,,,voiceovers\pel1\mast\Pel1_IGD_206A_ROEB.wav,,1,1,500,2800,,,,,voice,,,,3200,,,1,1,,3d,streamed,,,,,,,,,,,,1,,,,0.2,,,,,,100,100,0.25,1,,SUBTITLE_Pel1_IGD_206A_ROEB
Pel1_IGD_006A_ROEB,,,voiceovers\pel1\mast\Pel1_IGD_006A_ROEB.wav,,1,1,500,2800,,,,,voice,,,,3200,,,1,1,,3d,streamed,,,,,,,,,,,,1,,,,0.2,,,,,,100,100,0.25,1,,SUBTITLE_Pel1_IGD_006A_ROEB
Pel1_IGD_303A_USR1,,,voiceovers\pel1\mast\Pel1_IGD_303A_USR1.wav,,1,1,500,2800,,,,,voice,,,,3200,,,1,1,,3d,streamed,,,,,,,,,,,,1,,,,0.2,,,,,,100,100,0.25,1,,SUBTITLE_Pel1_IGD_303A_USR1
Pel1_IGD_304A_USR1,,,voiceovers\pel1\mast\Pel1_IGD_304A_USR1.wav,,1,1,500,2800,,,,,voice,,,,3200,,,1,1,,3d,streamed,,,,,,,,,,,,1,,,,0.2,,,,,,100,100,0.25,1,,SUBTITLE_Pel1_IGD_304A_USR1
Pel1_IGD_305A_USR2,,,voiceovers\pel1\mast\Pel1_IGD_305A_USR2.wav,,1,1,500,2800,,,,,voice,,,,3200,,,1,1,,3d,streamed,,,,,,,,,,,,1,,,,0.2,,,,,,100,100,0.25,1,,SUBTITLE_Pel1_IGD_305A_USR2
Pel1_IGD_306A_USR3,,,voiceovers\pel1\mast\Pel1_IGD_306A_USR3.wav,,1,1,500,2800,,,,,voice,,,,3200,,,1,1,,3d,streamed,,,,,,,,,,,,1,,,,0.2,,,,,,100,100,0.25,1,,SUBTITLE_Pel1_IGD_306A_USR3
Pel1_IGD_307A_USR3,,,voiceovers\pel1\mast\Pel1_IGD_307A_USR3.wav,,1,1,500,2800,,,,,voice,,,,3200,,,1,1,,3d,streamed,,,,,,,,,,,,1,,,,0.2,,,,,,100,100,0.25,1,,SUBTITLE_Pel1_IGD_307A_USR3
Pel1_IGD_308A_USR1,,,voiceovers\pel1\mast\Pel1_IGD_308A_USR1.wav,,1,1,500,2800,,,,,voice,,,,3200,,,1,1,,3d,streamed,,,,,,,,,,,,1,,,,0.2,,,,,,100,100,0.25,1,,SUBTITLE_Pel1_IGD_308A_USR1
Pel1_IGD_309A_USR1,,,voiceovers\pel1\mast\Pel1_IGD_309A_USR1.wav,,1,1,500,2800,,,,,voice,,,,3200,,,1,1,,3d,streamed,,,,,,,,,,,,1,,,,0.2,,,,,,100,100,0.25,1,,SUBTITLE_Pel1_IGD_309A_USR1
Pel1_IGD_310A_USR3,,,voiceovers\pel1\mast\Pel1_IGD_310A_USR3.wav,,1,1,500,2800,,,,,voice,,,,3200,,,1,1,,3d,streamed,,,,,,,,,,,,1,,,,0.2,,,,,,100,100,0.25,1,,SUBTITLE_Pel1_IGD_310A_USR3
Pel1_IGD_007A_SULL,,,voiceovers\pel1\mast\Pel1_IGD_007A_SULL.wav,,1,1,500,2800,,,,,voice,,,,3200,,,1,1,,3d,streamed,,,,,,,,,,,,1,,,,0.2,,,,,,100,100,0.25,1,,SUBTITLE_Pel1_IGD_007A_SULL
Pel1_IGD_311A_SULL,,,voiceovers\pel1\mast\Pel1_IGD_311A_SULL.wav,,1,1,500,2800,,,,,voice,,,,3200,,,1,1,,3d,streamed,,,,,,,,,,,,1,,,,0.2,,,,,,100,100,0.25,1,,SUBTITLE_Pel1_IGD_311A_SULL
Pel1_IGD_312A_SULL,,,voiceovers\pel1\mast\Pel1_IGD_312A_SULL.wav,,1,1,500,2800,,,,,voice,,,,3200,,,1,1,,3d,streamed,,,,,,,,,,,,1,,,,0.2,,,,,,100,100,0.25,1,,SUBTITLE_Pel1_IGD_312A_SULL
Pel1_IGD_008A_SULL,,,voiceovers\pel1\mast\Pel1_IGD_008A_SULL.wav,,1,1,500,2800,,,,,voice,,,,3200,,,1,1,,3d,streamed,,,,,,,,,,,,1,,,,0.2,,,,,,100,100,0.25,1,,SUBTITLE_Pel1_IGD_008A_SULL
Pel1_IGD_009A_POLO,,yes,voiceovers\pel1\mast\Pel1_IGD_009A_POLO.wav,,1,1,500,2800,,,,,voice,,,,3200,,,1,1,,3d,streamed,,,,,,,,,,,,1,,,,0.2,,,,,,100,100,0.25,1,,SUBTITLE_Pel1_IGD_009A_POLO
Pel1_IGD_010A_ROEB,,,voiceovers\pel1\mast\Pel1_IGD_010A_ROEB.wav,,1,1,500,2800,,,,,voice,,,,3200,,,1,1,,3d,streamed,,,,,,,,,,,,1,,,,0.2,,,,,,100,100,0.25,1,,SUBTITLE_Pel1_IGD_010A_ROEB
Pel1_IGD_011A_SULL,,,voiceovers\pel1\mast\Pel1_IGD_011A_SULL.wav,,1,1,500,2800,,,,,voice,,,,3200,,,1,1,,3d,streamed,,,,,,,,,,,,1,,,,0.2,,,,,,100,100,0.25,1,,SUBTITLE_Pel1_IGD_011A_SULL
Pel1_IGD_012A_ROEB,,,voiceovers\pel1\mast\Pel1_IGD_012A_ROEB.wav,,1,1,500,2800,,,,,voice,,,,3200,,,1,1,,3d,streamed,,,,,,,,,,,,1,,,,0.2,,,,,,100,100,0.25,1,,SUBTITLE_Pel1_IGD_012A_ROEB
Pel1_IGD_013A_ROEB,,,voiceovers\pel1\mast\Pel1_IGD_013A_ROEB.wav,,1,1,500,2800,,,,,voice,,,,3200,,,1,1,,3d,streamed,,,,,,,,,,,,1,,,,0.2,,,,,,100,100,0.25,1,,SUBTITLE_Pel1_IGD_013A_ROEB
Pel1_IGD_014A_JONE,,,voiceovers\pel1\mast\Pel1_IGD_014A_JONE.wav,,1,1,500,2800,,,,,voice,,,,3200,,,1,1,,3d,streamed,,,,,,,,,,,,1,,,,0.2,,,,,,100,100,0.25,1,,SUBTITLE_Pel1_IGD_014A_JONE
Pel1_IGD_015A_POLO,,,voiceovers\pel1\mast\Pel1_IGD_015A_POLO.wav,,1,1,500,2800,,,,,voice,,,,3200,,,1,1,,3d,streamed,,,,,,,,,,,,1,,,,0.2,,,,,,100,100,0.25,1,,SUBTITLE_Pel1_IGD_015A_POLO
Pel1_IGD_016A_SULL,,,voiceovers\pel1\mast\Pel1_IGD_016A_SULL.wav,,1,1,500,2800,,,,,voice,,,,3200,,,1,1,,3d,streamed,,,,,,,,,,,,1,,,,0.2,,,,,,100,100,0.25,1,,SUBTITLE_Pel1_IGD_016A_SULL
Pel1_IGD_017A_SULL,,,voiceovers\pel1\mast\Pel1_IGD_017A_SULL.wav,,1,1,500,2800,,,,,voice,,,,3200,,,1,1,,3d,streamed,,,,,,,,,,,,1,,,,0.2,,,,,,100,100,0.25,1,,SUBTITLE_Pel1_IGD_017A_SULL
Pel1_IGD_018A_SULL,,,voiceovers\pel1\mast\Pel1_IGD_018A_SULL.wav,,1,1,500,2800,,,,,voice,,,,3200,,,1,1,,3d,streamed,,,,,,,,,,,,1,,,,0.2,,,,,,100,100,0.25,1,,SUBTITLE_Pel1_IGD_018A_SULL
Pel1_IGD_019A_ROEB,,,voiceovers\pel1\mast\Pel1_IGD_019A_ROEB.wav,,1,1,500,2800,,,,,voice,,,,3200,,,1,1,,3d,streamed,,,,,,,,,,,,1,,,,0.2,,,,,,100,100,0.25,1,,SUBTITLE_Pel1_IGD_019A_ROEB
Pel1_IGD_020A_ROEB,,,voiceovers\pel1\mast\Pel1_IGD_020A_ROEB.wav,,1,1,500,2800,,,,,voice,,,,3200,,,1,1,,3d,streamed,,,,,,,,,,,,1,,,,0.2,,,,,,100,100,0.25,1,,SUBTITLE_Pel1_IGD_020A_ROEB
Pel1_IGD_021A_ROEB,,,voiceovers\pel1\mast\Pel1_IGD_021A_ROEB.wav,,1,1,500,2800,,,,,voice,,,,3200,,,1,1,,2d,streamed,,,,,,,,,,,,1,,,,0.2,,,,,,100,100,0.25,1,,SUBTITLE_Pel1_IGD_021A_ROEB
Pel1_IGD_022A_ROEB,,,voiceovers\pel1\mast\Pel1_IGD_022A_ROEB.wav,,1,1,500,2800,,,,,voice,,,,3200,,,1,1,,3d,streamed,,,,,,,,,,,,1,,,,0.2,,,,,,100,100,0.25,1,,SUBTITLE_Pel1_IGD_022A_ROEB
Pel1_IGD_023A_ROEB,,,voiceovers\pel1\mast\Pel1_IGD_023A_ROEB.wav,,1,1,500,2800,,,,,voice,,,,3200,,,1,1,,3d,streamed,,,,,,,,,,,,1,,,,0.2,,,,,,100,100,0.25,1,,SUBTITLE_Pel1_IGD_023A_ROEB
Pel1_IGD_024A_ROEB,,,voiceovers\pel1\mast\Pel1_IGD_024A_ROEB.wav,,1,1,500,2800,,,,,voice,,,,3200,,,1,1,,3d,streamed,,,,,,,,,,,,1,,,,0.2,,,,,,100,100,0.25,1,,SUBTITLE_Pel1_IGD_024A_ROEB
Pel1_IGD_025A_SULL,,,voiceovers\pel1\mast\Pel1_IGD_025A_SULL.wav,,1,1,500,2800,,,,,voice,,,,3200,,,1,1,,3d,streamed,,,,,,,,,,,,1,,,,0.2,,,,,,100,100,0.25,1,,SUBTITLE_Pel1_IGD_025A_SULL
Pel1_IGD_313A_ROEB,,,voiceovers\pel1\mast\Pel1_IGD_313A_ROEB.wav,,1,1,500,2800,,,,,voice,,,,3200,,,1,1,,3d,streamed,,,,,,,,,,,,1,,,,0.2,,,,,,100,100,0.25,1,,SUBTITLE_Pel1_IGD_313A_ROEB
Pel1_IGD_026A_SULL,,,voiceovers\pel1\mast\Pel1_IGD_026A_SULL.wav,,1,1,500,2800,,,,,voice,,,,3200,,,1,1,,3d,streamed,,,,,,,,,,,,1,,,,0.2,,,,,,100,100,0.25,1,,SUBTITLE_Pel1_IGD_026A_SULL
Pel1_IGD_027A_ROEB,,,voiceovers\pel1\mast\Pel1_IGD_027A_ROEB.wav,,1,1,500,2800,,,,,voice,,,,3200,,,1,1,,3d,streamed,,,,,,,,,,,,1,,,,0.2,,,,,,100,100,0.25,1,,SUBTITLE_Pel1_IGD_027A_ROEB
Pel1_IGD_028A_ROEB,,,voiceovers\pel1\mast\Pel1_IGD_028A_ROEB_A.wav,,1,1,500,2800,,,,,voice,,,,3200,,,1,1,,3d,streamed,,,,,,,,,,,,1,,,,0.2,,,,,,100,100,0.25,1,,SUBTITLE_Pel1_IGD_028A_ROEB_A
Pel1_IGD_029A_SULL,,,voiceovers\pel1\mast\Pel1_IGD_029A_SULL.wav,,1,1,500,2800,,,,,voice,,,,3200,,,1,1,,3d,streamed,,,,,,,,,,,,1,,,,0.2,,,,,,100,100,0.25,1,,SUBTITLE_Pel1_IGD_029A_SULL
Pel1_IGD_030A_ROEB,,,voiceovers\pel1\mast\Pel1_IGD_030A_ROEB.wav,,1,1,500,2800,,,,,voice,,,,3200,,,1,1,,3d,streamed,,,,,,,,,,,,1,,,,0.2,,,,,,100,100,0.25,1,,SUBTITLE_Pel1_IGD_030A_ROEB
Pel1_IGD_031A_ROEB,,,voiceovers\pel1\mast\Pel1_IGD_031A_ROEB_A.wav,,1,1,500,2800,,,,,voice,,,,3200,,,1,1,,3d,streamed,,,,,,,,,,,,1,,,,0.2,,,,,,100,100,0.25,1,,SUBTITLE_Pel1_IGD_031A_ROEB_A
Pel1_IGD_032A_ROEB,,,voiceovers\pel1\mast\Pel1_IGD_032A_ROEB_A.wav,,1,1,500,2800,,,,,voice,,,,3200,,,1,1,,3d,streamed,,,,,,,,,,,,1,,,,0.2,,,,,,100,100,0.25,1,,SUBTITLE_Pel1_IGD_032A_ROEB_A
Pel1_IGD_033A_ROEB,,,voiceovers\pel1\mast\Pel1_IGD_033A_ROEB.wav,,1,1,500,2800,,,,,voice,,,,3200,,,1,1,,3d,streamed,,,,,,,,,,,,1,,,,0.2,,,,,,100,100,0.25,1,,SUBTITLE_Pel1_IGD_033A_ROEB
Pel1_IGD_034A_POLO,,yes,voiceovers\pel1\mast\Pel1_IGD_034A_POLO.wav,1,1,1,500,2800,,,,,voice,,,,3200,,,1,1,,3d,streamed,,,,,,,,,,,,1,,,,0.2,,,,,,100,100,0.25,1,,SUBTITLE_Pel1_IGD_034A_POLO
Pel1_IGD_034A_POLO,,no,voiceovers\pel1\mast\Pel1_IGD_034A_POLO_safe.wav,2,1,1,500,2800,,,,,voice,,,,3200,,,1,1,,3d,streamed,,,,,,,,,,,,1,,,,0.2,,,,,,100,100,0.25,1,,SUBTITLE_Pel1_IGD_034A_POLO_safe
Pel1_IGD_035A_ROEB,,,voiceovers\pel1\mast\Pel1_IGD_035A_ROEB_A.wav,,1,1,500,2800,,,,,voice,,,,3200,,,1,1,,3d,streamed,,,,,,,,,,,,1,,,,0.2,,,,,,100,100,0.25,1,,SUBTITLE_Pel1_IGD_035A_ROEB_A
Pel1_IGD_036A_ROEB,,,voiceovers\pel1\mast\Pel1_IGD_036A_ROEB.wav,,1,1,500,2800,,,,,voice,,,,3200,,,1,1,,3d,streamed,,,,,,,,,,,,1,,,,0.2,,,,,,100,100,0.25,1,,SUBTITLE_Pel1_IGD_036A_ROEB
Pel1_IGD_037A_ROEB,,,voiceovers\pel1\mast\Pel1_IGD_037A_ROEB.wav,,1,1,500,2800,,,,,voice,,,,3200,,,1,1,,3d,streamed,,,,,,,,,,,,1,,,,0.2,,,,,,100,100,0.25,1,,SUBTITLE_Pel1_IGD_037A_ROEB
Pel1_IGD_038A_ROEB,,,voiceovers\pel1\mast\Pel1_IGD_038B_ROEB.wav,,1,1,500,2800,,,,,voice,,,,3200,,,1,1,,3d,streamed,,,,,,,,,,,,1,,,,0.2,,,,,,100,100,0.25,1,,SUBTITLE_Pel1_IGD_038B_ROEB
Pel1_IGD_039A_ROEB,,,voiceovers\pel1\mast\Pel1_IGD_039A_ROEB.wav,,1,1,500,2800,,,,,voice,,,,3200,,,1,1,,3d,streamed,,,,,,,,,,,,1,,,,0.2,,,,,,100,100,0.25,1,,SUBTITLE_Pel1_IGD_039A_ROEB
Pel1_IGD_040A_POLO,,yes,voiceovers\pel1\mast\Pel1_IGD_040A_POLO.wav,,1,1,500,2800,,,,,voice,,,,3200,,,1,1,,3d,streamed,,,,,,,,,,,,1,,,,0.2,,,,,,100,100,0.25,1,,SUBTITLE_Pel1_IGD_040A_POLO
Pel1_IGD_041A_SULL,,,voiceovers\pel1\mast\Pel1_IGD_041A_SULL.wav,,1,1,500,2800,,,,,voice,,,,3200,,,1,1,,3d,streamed,,,,,,,,,,,,1,,,,0.2,,,,,,100,100,0.25,1,,SUBTITLE_Pel1_IGD_041A_SULL
Pel1_IGD_042A_POLO,,,voiceovers\pel1\mast\Pel1_IGD_042A_POLO.wav,,1,1,500,2800,,,,,voice,,,,3200,,,1,1,,3d,streamed,,,,,,,,,,,,1,,,,0.2,,,,,,100,100,0.25,1,,SUBTITLE_Pel1_IGD_042A_POLO
Pel1_IGD_043A_SULL,,,voiceovers\pel1\mast\Pel1_IGD_043A_SULL.wav,,1,1,500,2800,,,,,voice,,,,3200,,,1,1,,3d,streamed,,,,,,,,,,,,1,,,,0.2,,,,,,100,100,0.25,1,,SUBTITLE_Pel1_IGD_043A_SULL
Pel1_IGD_044A_ROEB,,,voiceovers\pel1\mast\Pel1_IGD_044A_ROEB_B.wav,,1,1,500,2800,,,,,voice,,,,3200,,,1,1,,3d,streamed,,,,,,,,,,,,1,,,,0.2,,,,,,100,100,0.25,1,,SUBTITLE_Pel1_IGD_044A_ROEB_B
Pel1_IGD_045A_ROEB,,,voiceovers\pel1\mast\Pel1_IGD_045A_ROEB.wav,,1,1,500,2800,,,,,voice,,,,3200,,,1,1,,3d,streamed,,,,,,,,,,,,1,,,,0.2,,,,,,100,100,0.25,1,,SUBTITLE_Pel1_IGD_045A_ROEB
Pel1_IGD_046A_ROEB,,,voiceovers\pel1\mast\Pel1_IGD_046A_ROEB.wav,,1,1,500,2800,,,,,voice,,,,3200,,,1,1,,3d,streamed,,,,,,,,,,,,1,,,,0.2,,,,,,100,100,0.25,1,,SUBTITLE_Pel1_IGD_046A_ROEB
Pel1_IGD_047A_SULL,,,voiceovers\pel1\mast\Pel1_IGD_047A_SULL.wav,,1,1,500,2800,,,,,voice,,,,3200,,,1,1,,3d,streamed,,,,,,,,,,,,1,,,,0.2,,,,,,100,100,0.25,1,,SUBTITLE_Pel1_IGD_047A_SULL
Pel1_IGD_048A_SULL,,,voiceovers\pel1\mast\Pel1_IGD_048A_SULL.wav,,1,1,500,2800,,,,,voice,,,,3200,,,1,1,,3d,streamed,,,,,,,,,,,,1,,,,0.2,,,,,,100,100,0.25,1,,SUBTITLE_Pel1_IGD_048A_SULL
Pel1_IGD_207A_POLO,,,voiceovers\pel1\mast\Pel1_IGD_207A_POLO.wav,,1,1,500,2800,,,,,voice,,,,3200,,,1,1,,3d,streamed,,,,,,,,,,,,1,,,,0.2,,,,,,100,100,0.25,1,,SUBTITLE_Pel1_IGD_207A_POLO
Pel1_IGD_208A_POLO,,,voiceovers\pel1\mast\Pel1_IGD_208A_POLO.wav,,1,1,500,2800,,,,,voice,,,,3200,,,1,1,,3d,streamed,,,,,,,,,,,,1,,,,0.2,,,,,,100,100,0.25,1,,SUBTITLE_Pel1_IGD_208A_POLO
Pel1_IGD_209A_ROEB,,,voiceovers\pel1\mast\Pel1_IGD_209A_ROEB.wav,,1,1,500,2800,,,,,voice,,,,3200,,,1,1,,3d,streamed,,,,,,,,,,,,1,,,,0.2,,,,,,100,100,0.25,1,,SUBTITLE_Pel1_IGD_209A_ROEB
Pel1_IGD_049A_ROEB,,,voiceovers\pel1\mast\Pel1_IGD_049B_ROEB.wav,,1,1,500,2800,,,,,voice,,,,3200,,,1,1,,3d,streamed,,,,,,,,,,,,1,,,,0.2,,,,,,100,100,0.25,1,,SUBTITLE_Pel1_IGD_049B_ROEB
Pel1_IGD_050A_ROEB,,yes,voiceovers\pel1\mast\Pel1_IGD_050A_ROEB_A.wav,1,1,1,500,2800,,,,,voice,,,,3200,,,1,1,,3d,streamed,,,,,,,,,,,,1,,,,0.2,,,,,,100,100,0.25,1,,SUBTITLE_Pel1_IGD_050A_ROEB_A
Pel1_IGD_050A_ROEB,,no,voiceovers\pel1\mast\Pel1_IGD_050A_ROEB_safe.wav,2,1,1,500,2800,,,,,voice,,,,3200,,,1,1,,3d,streamed,,,,,,,,,,,,1,,,,0.2,,,,,,100,100,0.25,1,,SUBTITLE_Pel1_IGD_050A_ROEB_safe
Pel1_IGD_051A_ROEB,,,voiceovers\pel1\mast\Pel1_IGD_051A_ROEB.wav,,1,1,500,2800,,,,,voice,,,,3200,,,1,1,,3d,streamed,,,,,,,,,,,,1,,,,0.2,,,,,,100,100,0.25,1,,SUBTITLE_Pel1_IGD_051A_ROEB
Pel1_IGD_052A_ROEB,,,voiceovers\pel1\mast\Pel1_IGD_052A_ROEB.wav,,1,1,500,2800,,,,,voice,,,,3200,,,1,1,,3d,streamed,,,,,,,,,,,,1,,,,0.2,,,,,,100,100,0.25,1,,SUBTITLE_Pel1_IGD_052A_ROEB
Pel1_IGD_053A_ROEB,,,voiceovers\pel1\mast\Pel1_IGD_053A_ROEB.wav,,1,1,500,2800,,,,,voice,,,,3200,,,1,1,,3d,streamed,,,,,,,,,,,,1,,,,0.2,,,,,,100,100,0.25,1,,SUBTITLE_Pel1_IGD_053A_ROEB
Pel1_IGD_210A_POLO,,,voiceovers\pel1\mast\Pel1_IGD_210A_POLO.wav,,1,1,500,2800,,,,,voice,,,,3200,,,1,1,,3d,streamed,,,,,,,,,,,,1,,,,0.2,,,,,,100,100,0.25,1,,SUBTITLE_Pel1_IGD_210A_POLO
Pel1_IGD_211A_POLO,,,voiceovers\pel1\mast\Pel1_IGD_211A_POLO.wav,,1,1,500,2800,,,,,voice,,,,3200,,,1,1,,3d,streamed,,,,,,,,,,,,1,,,,0.2,,,,,,100,100,0.25,1,,SUBTITLE_Pel1_IGD_211A_POLO
Pel1_IGD_212A_POLO,,,voiceovers\pel1\mast\Pel1_IGD_212A_POLO.wav,,1,1,500,2800,,,,,voice,,,,3200,,,1,1,,3d,streamed,,,,,,,,,,,,1,,,,0.2,,,,,,100,100,0.25,1,,SUBTITLE_Pel1_IGD_212A_POLO
Pel1_IGD_054A_SULL,,,voiceovers\pel1\mast\Pel1_IGD_054A_SULL.wav,,1,1,500,2800,,,,,voice,,,,3200,,,1,1,,3d,streamed,,,,,,,,,,,,1,,,,0.2,,,,,,100,100,0.25,1,,SUBTITLE_Pel1_IGD_054A_SULL
Pel1_IGD_055A_ROEB,,,voiceovers\pel1\mast\Pel1_IGD_055A_ROEB.wav,,1,1,500,2800,,,,,voice,,,,3200,,,1,1,,3d,streamed,,,,,,,,,,,,1,,,,0.2,,,,,,100,100,0.25,1,,SUBTITLE_Pel1_IGD_055A_ROEB
Pel1_IGD_056A_SULL,,,voiceovers\pel1\mast\Pel1_IGD_056A_SULL.wav,,1,1,500,2800,,,,,voice,,,,3200,,,1,1,,3d,streamed,,,,,,,,,,,,1,,,,0.2,,,,,,100,100,0.25,1,,SUBTITLE_Pel1_IGD_056A_SULL
Pel1_IGD_057A_ROEB,,,voiceovers\pel1\mast\Pel1_IGD_057A_ROEB.wav,,1,1,500,2800,,,,,voice,,,,3200,,,1,1,,3d,streamed,,,,,,,,,,,,1,,,,0.2,,,,,,100,100,0.25,1,,SUBTITLE_Pel1_IGD_057A_ROEB
Pel1_IGD_058A_ROEB,,,voiceovers\pel1\mast\Pel1_IGD_058A_ROEB.wav,,1,1,500,2800,,,,,voice,,,,3200,,,1,1,,3d,streamed,,,,,,,,,,,,1,,,,0.2,,,,,,100,100,0.25,1,,SUBTITLE_Pel1_IGD_058A_ROEB
Pel1_IGD_059A_ROEB,,yes,voiceovers\pel1\mast\Pel1_IGD_059B_ROEB.wav,1,1,1,500,2800,,,,,voice,,,,3200,,,1,1,,3d,streamed,,,,,,,,,,,,1,,,,0.2,,,,,,100,100,0.25,1,,SUBTITLE_Pel1_IGD_059B_ROEB
Pel1_IGD_059A_ROEB,,no,voiceovers\pel1\mast\Pel1_IGD_059B_ROEB_safe.wav,2,1,1,500,2800,,,,,voice,,,,3200,,,1,1,,3d,streamed,,,,,,,,,,,,1,,,,0.2,,,,,,100,100,0.25,1,,SUBTITLE_Pel1_IGD_059B_ROEB_safe
Pel1_IGD_314A_SULL,,,voiceovers\pel1\mast\Pel1_IGD_314A_SULL.wav,,1,1,500,2800,,,,,voice,,,,3200,,,1,1,,3d,streamed,,,,,,,,,,,,1,,,,0.2,,,,,,100,100,0.25,1,,SUBTITLE_Pel1_IGD_314A_SULL
Pel1_IGD_315A_SULL,,,voiceovers\pel1\mast\Pel1_IGD_315A_SULL.wav,,1,1,500,2800,,,,,voice,,,,3200,,,1,1,,3d,streamed,,,,,,,,,,,,1,,,,0.2,,,,,,100,100,0.25,1,,SUBTITLE_Pel1_IGD_315A_SULL
Pel1_IGD_060A_ROEB,,,voiceovers\pel1\mast\Pel1_IGD_060A_ROEB.wav,,1,1,500,2800,,,,,voice,,,,3200,,,1,1,,3d,streamed,,,,,,,,,,,,1,,,,0.2,,,,,,100,100,0.25,1,,SUBTITLE_Pel1_IGD_060A_ROEB
Pel1_IGD_061A_SULL,,,voiceovers\pel1\mast\Pel1_IGD_061A_SULL.wav,,1,1,500,2800,,,,,voice,,,,3200,,,1,1,,3d,streamed,,,,,,,,,,,,1,,,,0.2,,,,,,100,100,0.25,1,,SUBTITLE_Pel1_IGD_061A_SULL
Pel1_IGD_062A_ROEB,,,voiceovers\pel1\mast\Pel1_IGD_062A_ROEB.wav,,1,1,500,2800,,,,,voice,,,,3200,,,1,1,,3d,streamed,,,,,,,,,,,,1,,,,0.2,,,,,,100,100,0.25,1,,SUBTITLE_Pel1_IGD_062A_ROEB
Pel1_IGD_316A_ROEB,,,voiceovers\pel1\mast\Pel1_IGD_316A_ROEB.wav,,1,1,500,2800,,,,,voice,,,,3200,,,1,1,,3d,streamed,,,,,,,,,,,,1,,,,0.2,,,,,,100,100,0.25,1,,SUBTITLE_Pel1_IGD_316A_ROEB
Pel1_IGD_317A_ROEB,,,voiceovers\pel1\mast\Pel1_IGD_317A_ROEB.wav,,1,1,500,2800,,,,,voice,,,,3200,,,1,1,,3d,streamed,,,,,,,,,,,,1,,,,0.2,,,,,,100,100,0.25,1,,SUBTITLE_Pel1_IGD_317A_ROEB
Pel1_IGD_318A_ROEB,,,voiceovers\pel1\mast\Pel1_IGD_318A_ROEB.wav,,1,1,500,2800,,,,,voice,,,,3200,,,1,1,,3d,streamed,,,,,,,,,,,,1,,,,0.2,,,,,,100,100,0.25,1,,SUBTITLE_Pel1_IGD_318A_ROEB
Pel1_IGD_319A_ROEB,,,voiceovers\pel1\mast\Pel1_IGD_319A_ROEB.wav,,1,1,500,2800,,,,,voice,,,,3200,,,1,1,,3d,streamed,,,,,,,,,,,,1,,,,0.2,,,,,,100,100,0.25,1,,SUBTITLE_Pel1_IGD_319A_ROEB
Pel1_IGD_063A_SULL,,yes,voiceovers\pel1\mast\Pel1_IGD_063A_SULL.wav,1,1,1,500,2800,,,,,voice,,,,3200,,,1,1,,3d,streamed,,,,,,,,,,,,1,,,,0.2,,,,,,100,100,0.25,1,,SUBTITLE_Pel1_IGD_063A_SULL
Pel1_IGD_063A_SULL,,no,voiceovers\pel1\mast\Pel1_IGD_063A_SULL_safe.wav,2,1,1,500,2800,,,,,voice,,,,3200,,,1,1,,3d,streamed,,,,,,,,,,,,1,,,,0.2,,,,,,100,100,0.25,1,,SUBTITLE_Pel1_IGD_063A_SULL_safe
Pel1_IGD_064A_ROEB,,,voiceovers\pel1\mast\Pel1_IGD_064B_ROEB.wav,,1,1,500,2800,,,,,voice,,,,3200,,,1,1,,3d,streamed,,,,,,,,,,,,1,,,,0.2,,,,,,100,100,0.25,1,,SUBTITLE_Pel1_IGD_064B_ROEB
Pel1_IGD_320A_SULL,,,voiceovers\pel1\mast\Pel1_IGD_320A_SULL.wav,,1,1,500,2800,,,,,voice,,,,3200,,,1,1,,3d,streamed,,,,,,,,,,,,1,,,,0.2,,,,,,100,100,0.25,1,,SUBTITLE_Pel1_IGD_320A_SULL
Pel1_OUT_200A_ROEB,,,voiceovers\pel1\mast\Pel1_OUT_200A_ROEB.wav,,1,1,500,2800,,,,,voice,,,,3200,,,1,1,,3d,streamed,,,master,,,,,,,,,1,,,,0.2,,,,,,100,100,0.25,1,,SUBTITLE_Pel1_OUT_200A_ROEB
Pel1_OUT_000B_SULL,,,voiceovers\pel1\mast\Pel1_OUT_000B_SULL.wav,,1,1,500,2800,,,,,voice,,,,3200,,,1,1,,3d,streamed,,,master,,,,,,,,,1,,,,0.2,,,,,,100,100,0.25,1,,SUBTITLE_Pel1_OUT_000B_SULL
Pel1_OUT_001B_SULL,,,voiceovers\pel1\mast\Pel1_OUT_001B_SULL.wav,,1,1,500,2800,,,,,voice,,,,3200,,,1,1,,3d,streamed,,,master,,,,,,,,,1,,,,0.2,,,,,,100,100,0.25,1,,SUBTITLE_Pel1_OUT_001B_SULL
Pel1_OUT_004A_POLO,,,voiceovers\pel1\mast\Pel1_OUT_004A_POLO.wav,,1,1,500,2800,,,,,voice,,,,3200,,,1,1,,3d,streamed,,,master,,,,,,,,,1,,,,0.2,,,,,,100,100,0.25,1,,SUBTITLE_Pel1_OUT_004A_POLO
Pel1_OUT_100A_SULL,,,voiceovers\pel1\mast\Pel1_OUT_100A_SULL.wav,,1,1,500,2800,,,,,voice,,,,3200,,,1,1,,3d,streamed,,,master,,,,,,,,,1,,,,0.2,,,,,,100,100,0.25,1,,SUBTITLE_Pel1_OUT_100A_SULL
Pel1_OUT_201A_USR1,,,voiceovers\pel1\mast\Pel1_OUT_201A_USR1.wav,,1,1,500,2800,,,,,voice,,,,3200,,,1,1,,3d,streamed,,,master,,,,,,,,,1,,,,0.2,,,,,,100,100,0.25,1,,SUBTITLE_Pel1_OUT_201A_USR1
Pel1_OUT_006A_ROEB,,,voiceovers\pel1\mast\Pel1_OUT_006B_ROEB.wav,,1,1,500,2800,,,,,voice,,,,3200,,,1,1,,3d,streamed,,,master,,,,,,,,,1,,,,0.2,,,,,,100,100,0.25,1,,SUBTITLE_Pel1_OUT_006B_ROEB
Pel1_OUT_202A_ROEB,,,voiceovers\pel1\mast\Pel1_OUT_202A_ROEB.wav,,1,1,500,2800,,,,,voice,,,,3200,,,1,1,,3d,streamed,,,master,,,,,,,,,1,,,,0.2,,,,,,100,100,0.25,1,,SUBTITLE_Pel1_OUT_202A_ROEB
Pel1_OUT_202B_ROEB,,,voiceovers\pel1\mast\Pel1_OUT_202B_ROEB.wav,,1,1,500,2800,,,,,voice,,,,3200,,,1,1,,3d,streamed,,,master,,,,,,,,,1,,,,0.2,,,,,,100,100,0.25,1,,SUBTITLE_Pel1_OUT_202B_ROEB
Pel1_OUT_007A_ROEB,,,voiceovers\pel1\mast\Pel1_OUT_007A_ROEB.wav,,1,1,500,2800,,,,,voice,,,,3200,,,1,1,,3d,streamed,,,master,,,,,,,,,1,,,,0.2,,,,,,100,100,0.25,1,,SUBTITLE_Pel1_OUT_007A_ROEB
Pel1_OUT_007B_ROEB,,,voiceovers\pel1\mast\Pel1_OUT_007B_ROEB.wav,,1,1,500,2800,,,,,voice,,,,3200,,,1,1,,3d,streamed,,,master,,,,,,,,,1,,,,0.2,,,,,,100,100,0.25,1,,SUBTITLE_Pel1_OUT_007B_ROEB
Pel1_OUT_008A_POLO,,,voiceovers\pel1\mast\Pel1_OUT_008A_POLO.wav,,1,1,500,2800,,,,,voice,,,,3200,,,1,1,,3d,streamed,,,master,,,,,,,,,1,,,,0.2,,,,,,100,100,0.25,1,,SUBTITLE_Pel1_OUT_008A_POLO
Pel1_OUT_900A_JAS2,,,voiceovers\pel1\mast\Pel1_OUT_900A_JAS2.wav,,1,1,500,2800,,,,,voice,,,,3200,,,1,1,,3d,streamed,,,master,,,,,,,,,1,,,,0.2,,,,,,100,100,0.25,1,,
Pel1_OUT_901A_JAS2,,,voiceovers\pel1\mast\Pel1_OUT_901A_JAS2.wav,,1,1,500,2800,,,,,voice,,,,3200,,,1,1,,3d,streamed,,,master,,,,,,,,,1,,,,0.2,,,,,,100,100,0.25,1,,
Pel1_OUT_902A_JAS2,,,voiceovers\pel1\mast\Pel1_OUT_902A_JAS2.wav,,1,1,500,2800,,,,,voice,,,,3200,,,1,1,,3d,streamed,,,master,,,,,,,,,1,,,,0.2,,,,,,100,100,0.25,1,,
sullivan_death_00,,,voiceovers\pel1\vfx\sullivan_death_00.wav,,1,1,500,2800,,,,,voice,,,,3200,,,1,1,,3d,streamed,,,,,,,,,,,,1,,,,0.2,,,,,,100,100,0.25,1,,
sullivan_death_01,,,voiceovers\pel1\vfx\sullivan_death_01.wav,,1,1,500,2800,,,,,voice,,,,3200,,,1,1,,3d,streamed,,,,,,,,,,,,1,,,,0.2,,,,,,100,100,0.25,1,,
#CUT,,,,,,,,,,,,,,,,,,,,,,,,,,,,,,,,,,,,,,,,,,,,,,,,,,,
#Pel1_INT_006A_PSOU,,,voiceovers\pel1\temp\Pel1_INT_006A_PSOU.wav,,1,1,200,1000,,,,,voice,,curve3,0.25,1600,,curve4,1,1,,3d,streamed,,,,,,,,,,,,1,,,,0,,,,,,90,90,0.25,1,,SUBTITLE_Pel1_INT_006A_PSOU
#Pel1_OUT_002A_PJAC,,,voiceovers\pel1\temp\Pel1_OUT_002A_PJAC.wav,,1,1,200,1000,,,,,voice,,curve3,0.25,1600,,curve4,1,1,,3d,streamed,,,,,,,,,,,,1,,,,0,,,,,,90,90,0.25,1,,SUBTITLE_Pel1_OUT_002A_PJAC
#Pel1_OUT_003A_POLO,,,voiceovers\pel1\Pel1_OUT_003A_POLO_A.wav,,1,1,200,1000,,,,,voice,,curve3,0.25,1600,,curve4,1,1,,3d,streamed,,,,,,,,,,,,1,,,,0,,,,,,90,90,0.25,1,,SUBTITLE_OUT_003A_POLO_A
#Pel1_OUT_005A_SULL,,,voiceovers\pel1\Pel1_OUT_005A_SULL_B.wav,,1,1,200,1000,,,,,voice,,curve3,0.25,1600,,curve4,1,1,,3d,streamed,,,,,,,,,,,,1,,,,0,,,,,,90,90,0.25,1,,SUBTITLE_OUT_005A_SULL_B
,,,,,,,,,,,,,,,,,,,,,,,,,,,,,,,,,,,,,,,,,,,,,,,,,,,
Pel1_ThreatTank_Roebuck_00,,,battlechatter\us\r\us_roe_threat_tanks_00.wav,,1,1,500,2800,,,,,voice,,,,3200,,,1,1,,3d,streamed,,,,,,,,,,,,1,,,,0.2,,,,,,100,100,0.25,1,,SUBTITLE_us_roe_threat_tanks_00
Pel1_ThreatTank_Roebuck_01,,,battlechatter\us\r\us_roe_threat_tanks_01.wav,,1,1,500,2800,,,,,voice,,,,3200,,,1,1,,3d,streamed,,,,,,,,,,,,1,,,,0.2,,,,,,100,100,0.25,1,,SUBTITLE_us_roe_threat_tanks_01
Pel1_ThreatTank_Polonsky_00,,,battlechatter\us\p\us_pol_threat_tanks_02.wav,,1,1,500,2800,,,,,voice,,,,3200,,,1,1,,3d,streamed,,,,,,,,,,,,1,,,,0.2,,,,,,100,100,0.25,1,,SUBTITLE_us_pol_threat_tanks_02
Pel1_ThreatTank_Polonsky_01,,,battlechatter\us\p\us_pol_threat_tanks_04.wav,,1,1,500,2800,,,,,voice,,,,3200,,,1,1,,3d,streamed,,,,,,,,,,,,1,,,,0.2,,,,,,100,100,0.25,1,,SUBTITLE_us_pol_threat_tanks_04
Pel1_ThreatTank_Sullivan_00,,,battlechatter\us\s\us_sul_threat_tanks_01.wav,,1,1,500,2800,,,,,voice,,,,3200,,,1,1,,3d,streamed,,,,,,,,,,,,1,,,,0.2,,,,,,100,100,0.25,1,,SUBTITLE_us_sul_threat_tanks_01
Pel1_ThreatTank_Sullivan_01,,,battlechatter\us\s\us_sul_threat_tanks_02.wav,,1,1,500,2800,,,,,voice,,,,3200,,,1,1,,3d,streamed,,,,,,,,,,,,1,,,,0.2,,,,,,100,100,0.25,1,,SUBTITLE_us_sul_threat_tanks_02
Pel1_OrderDestroy_Roebuck_00,,,battlechatter\us\r\us_roe_order_action_grenade_03.wav,,1,1,500,2800,,,,,voice,,,,3200,,,1,1,,3d,streamed,,,,,,,,,,,,1,,,,0.2,,,,,,100,100,0.25,1,,SUBTITLE_us_roe_order_action_grenade_03
Pel1_OrderWaiting_Roebuck_00,,,battlechatter\us\r\us_roe_order_action_grenade_08.wav,,1,1,500,2800,,,,,voice,,,,3200,,,1,1,,3d,streamed,,,,,,,,,,,,1,,,,0.2,,,,,,100,100,0.25,1,,SUBTITLE_us_roe_order_action_grenade_08
Pel1_NearMortar_Roebuck,,,battlechatter\us\r\us_roe_landmark_near_mortarpit_00.wav,,1,1,500,2800,,,,,voice,,,,3200,,,1,1,,3d,streamed,,,,,,,,,,,,1,,,,0.2,,,,,,100,100,0.25,1,,SUBTITLE_us_roe_landmark_near_mortarpit_00
Pel1_NearMortar_Sullivan,,,battlechatter\us\s\us_sul_landmark_near_mortarpit_00.wav,,1,1,500,2800,,,,,voice,,,,3200,,,1,1,,3d,streamed,,,,,,,,,,,,1,,,,0.2,,,,,,100,100,0.25,1,,SUBTITLE_us_sul_landmark_near_mortarpit_00
,,,,,,,,,,,,,,,,,,,,,,,,,,,,,,,,,,,,,,,,,,,,,,,,,,,
,,,,,,,,,,,,,,,,,,,,,,,,,,,,,,,,,,,,,,,,,,,,,,,,,,,
,,,,,,,,,,,,,,,,,,,,,,,,,,,,,,,,,,,,,,,,,,,,,,,,,,,
,,,,,,,,,,,,,,,,,,,,,,,,,,,,,,,,,,,,,,,,,,,,,,,,,,,
ocean_right,,,null.wav,,,,,,,,,,,,,,,,,,,,,,,,,,,,,,,,,,,,,,,,,,,,,,,,
ocean_left,,,null.wav,,,,,,,,,,,,,,,
wood_steps_upstairs,,,null.wav,,,,,,,,,,,,,,,
tank_turret_spin,,,null.wav,,,,,,,,,,,,,,,
tank_turret_stop,,,null.wav,,,,,,,,,,,,,,,
gr_m1garand_futz_plr,,,null.wav,,,,,,,,,,,,,,,
Pel01_G1A_TRM2_005A,,,null.wav,,,,,,,,,,,,,,,
Ignition_redbarrel,,,null.wav,,,,,,,,,,,,,,,
truck_drive,,,null.wav,,,,,,,,,,,,,,,
truck_idle,,,null.wav,,,,,,,,,,,,,,,
weap_mortar_fire_alt,,,null.wav,,,,,,,,,,,,,,,
weap_mortar_fire,,,null.wav,,,,,,,,,,,,,,,
Pel01_G1A_RADI_003A,,,null.wav,,,,,,,,,,,,,,,
Pel01_G1A_TRM1_004A,,,null.wav,,,,,,,,,,,,,,,
truck_door_open,,,null.wav,,,,,,,,,,,,,,,
,,,,,,,,,,,,,,,,,,
,,,,,,,,,,,,,,,,,,
,,,,,,,,,,,,,,,,,,
,,,,,,,,,,,,,,,,,,
,,,,,,,,,,,,,,,,,,
,,,,,,,,,,,,,,,,,,
,,,,,,,,,,,,,,,,,,
,,,,,,,,,,,,,,,,,,
,,,,,,,,,,,,,,,,,,
,,,,,,,,,,,,,,,,,,
,,,,,,,,,,,,,,,,,,
,,,,,,,,,,,,,,,,,,
,,,,,,,,,,,,,,,,,,
,,,,,,,,,,,,,,,,,,
,,,,,,,,,,,,,,,,,,
,,,,,,,,,,,,,,,,,,
,,,,,,,,,,,,,,,,,,
,,,,,,,,,,,,,,,,,,
,,,,,,,,,,,,,,,,,,
,,,,,,,,,,,,,,,,,,
,,,,,,,,,,,,,,,,,,
,,,,,,,,,,,,,,,,,,
,,,,,,,,,,,,,,,,,,
,,,,,,,,,,,,,,,,,,
,,,,,,,,,,,,,,,,,,
,,,,,,,,,,,,,,,,,,
,,,,,,,,,,,,,,,,,,
,,,,,,,,,,,,,,,,,,
,,,,,,,,,,,,,,,,,,
,,,,,,,,,,,,,,,,,,
,,,,,,,,,,,,,,,,,,
,,,,,,,,,,,,,,,,,,
,,,,,,,,,,,,,,,,,,
,,,,,,,,,,,,,,,,,,
,,,,,,,,,,,,,,,,,,
,,,,,,,,,,,,,,,,,,
,,,,,,,,,,,,,,,,,,
,,,,,,,,,,,,,,,,,,
,,,,,,,,,,,,,,,,,,
,,,,,,,,,,,,,,,,,,
,,,,,,,,,,,,,,,,,,
,,,,,,,,,,,,,,,,,,
,,,,,,,,,,,,,,,,,,
,,,,,,,,,,,,,,,,,,
,,,,,,,,,,,,,,,,,,
,,,,,,,,,,,,,,,,,,
,,,,,,,,,,,,,,,,,,
,,,,,,,,,,,,,,,,,,
,,,,,,,,,,,,,,,,,,
,,,,,,,,,,,,,,,,,,
,,,,,,,,,,,,,,,,,,
,,,,,,,,,,,,,,,,,,
,,,,,,,,,,,,,,,,,,
,,,,,,,,,,,,,,,,,,
,,,,,,,,,,,,,,,,,,
,,,,,,,,,,,,,,,,,,
,,,,,,,,,,,,,,,,,,
,,,,,,,,,,,,,,,,,,
,,,,,,,,,,,,,,,,,,
,,,,,,,,,,,,,,,,,,
,,,,,,,,,,,,,,,,,,
,,,,,,,,,,,,,,,,,,
,,,,,,,,,,,,,,,,,,
,,,,,,,,,,,,,,,,,,
,,,,,,,,,,,,,,,,,,
,,,,,,,,,,,,,,,,,,
,,,,,,,,,,,,,,,,,,
,,,,,,,,,,,,,,,,,,
,,,,,,,,,,,,,,,,,,
,,,,,,,,,,,,,,,,,,
,,,,,,,,,,,,,,,,,,
,,,,,,,,,,,,,,,,,,
,,,,,,,,,,,,,,,,,,
,,,,,,,,,,,,,,,,,,
,,,,,,,,,,,,,,,,,,
,,,,,,,,,,,,,,,,,,
,,,,,,,,,,,,,,,,,,
,,,,,,,,,,,,,,,,,,
,,,,,,,,,,,,,,,,,,
,,,,,,,,,,,,,,,,,,
,,,,,,,,,,,,,,,,,,
,,,,,,,,,,,,,,,,,,
,,,,,,,,,,,,,,,,,,
,,,,,,,,,,,,,,,,,,
,,,,,,,,,,,,,,,,,,
,,,,,,,,,,,,,,,,,,
,,,,,,,,,,,,,,,,,,
,,,,,,,,,,,,,,,,,,
,,,,,,,,,,,,,,,,,,
,,,,,,,,,,,,,,,,,,
,,,,,,,,,,,,,,,,,,
,,,,,,,,,,,,,,,,,,
,,,,,,,,,,,,,,,,,,
,,,,,,,,,,,,,,,,,,
,,,,,,,,,,,,,,,,,,
,,,,,,,,,,,,,,,,,,
,,,,,,,,,,,,,,,,,,
,,,,,,,,,,,,,,,,,,
,,,,,,,,,,,,,,,,,,
,,,,,,,,,,,,,,,,,,
,,,,,,,,,,,,,,,,,,
,,,,,,,,,,,,,,,,,,
,,,,,,,,,,,,,,,,,,
,,,,,,,,,,,,,,,,,,
,,,,,,,,,,,,,,,,,,
,,,,,,,,,,,,,,,,,,
,,,,,,,,,,,,,,,,,,
,,,,,,,,,,,,,,,,,,
,,,,,,,,,,,,,,,,,,
,,,,,,,,,,,,,,,,,,
,,,,,,,,,,,,,,,,,,
,,,,,,,,,,,,,,,,,,
,,,,,,,,,,,,,,,,,,
,,,,,,,,,,,,,,,,,,
,,,,,,,,,,,,,,,,,,
,,,,,,,,,,,,,,,,,,
,,,,,,,,,,,,,,,,,,
,,,,,,,,,,,,,,,,,,
,,,,,,,,,,,,,,,,,,
,,,,,,,,,,,,,,,,,,
,,,,,,,,,,,,,,,,,,
,,,,,,,,,,,,,,,,,,
,,,,,,,,,,,,,,,,,,
,,,,,,,,,,,,,,,,,,
,,,,,,,,,,,,,,,,,,
,,,,,,,,,,,,,,,,,,
,,,,,,,,,,,,,,,,,,
,,,,,,,,,,,,,,,,,,
,,,,,,,,,,,,,,,,,,
,,,,,,,,,,,,,,,,,,
,,,,,,,,,,,,,,,,,,
,,,,,,,,,,,,,,,,,,
,,,,,,,,,,,,,,,,,,
,,,,,,,,,,,,,,,,,,
,,,,,,,,,,,,,,,,,,
,,,,,,,,,,,,,,,,,,
,,,,,,,,,,,,,,,,,,
,,,,,,,,,,,,,,,,,,
,,,,,,,,,,,,,,,,,,
,,,,,,,,,,,,,,,,,,
,,,,,,,,,,,,,,,,,,
,,,,,,,,,,,,,,,,,,
,,,,,,,,,,,,,,,,,,
,,,,,,,,,,,,,,,,,,
,,,,,,,,,,,,,,,,,,
,,,,,,,,,,,,,,,,,,
,,,,,,,,,,,,,,,,,,
,,,,,,,,,,,,,,,,,,
,,,,,,,,,,,,,,,,,,
,,,,,,,,,,,,,,,,,,
,,,,,,,,,,,,,,,,,,
,,,,,,,,,,,,,,,,,,
,,,,,,,,,,,,,,,,,,
,,,,,,,,,,,,,,,,,,
,,,,,,,,,,,,,,,,,,
,,,,,,,,,,,,,,,,,,
,,,,,,,,,,,,,,,,,,
,,,,,,,,,,,,,,,,,,
,,,,,,,,,,,,,,,,,,
,,,,,,,,,,,,,,,,,,
,,,,,,,,,,,,,,,,,,
,,,,,,,,,,,,,,,,,,
,,,,,,,,,,,,,,,,,,
,,,,,,,,,,,,,,,,,,
,,,,,,,,,,,,,,,,,,
,,,,,,,,,,,,,,,,,,
,,,,,,,,,,,,,,,,,,
,,,,,,,,,,,,,,,,,,
,,,,,,,,,,,,,,,,,,
,,,,,,,,,,,,,,,,,,
,,,,,,,,,,,,,,,,,,
,,,,,,,,,,,,,,,,,,
,,,,,,,,,,,,,,,,,,
,,,,,,,,,,,,,,,,,,
,,,,,,,,,,,,,,,,,,
,,,,,,,,,,,,,,,,,,
,,,,,,,,,,,,,,,,,,
,,,,,,,,,,,,,,,,,,
,,,,,,,,,,,,,,,,,,
,,,,,,,,,,,,,,,,,,
,,,,,,,,,,,,,,,,,,
,,,,,,,,,,,,,,,,,,
,,,,,,,,,,,,,,,,,,
,,,,,,,,,,,,,,,,,,
,,,,,,,,,,,,,,,,,,
,,,,,,,,,,,,,,,,,,
,,,,,,,,,,,,,,,,,,
,,,,,,,,,,,,,,,,,,
,,,,,,,,,,,,,,,,,,
,,,,,,,,,,,,,,,,,,
,,,,,,,,,,,,,,,,,,
,,,,,,,,,,,,,,,,,,
,,,,,,,,,,,,,,,,,,
,,,,,,,,,,,,,,,,,,
,,,,,,,,,,,,,,,,,,
,,,,,,,,,,,,,,,,,,
,,,,,,,,,,,,,,,,,,
,,,,,,,,,,,,,,,,,,
,,,,,,,,,,,,,,,,,,
,,,,,,,,,,,,,,,,,,
,,,,,,,,,,,,,,,,,,
,,,,,,,,,,,,,,,,,,
,,,,,,,,,,,,,,,,,,
,,,,,,,,,,,,,,,,,,
,,,,,,,,,,,,,,,,,,
,,,,,,,,,,,,,,,,,,
,,,,,,,,,,,,,,,,,,
,,,,,,,,,,,,,,,,,,
,,,,,,,,,,,,,,,,,,
,,,,,,,,,,,,,,,,,,
,,,,,,,,,,,,,,,,,,
,,,,,,,,,,,,,,,,,,
,,,,,,,,,,,,,,,,,,
,,,,,,,,,,,,,,,,,,
,,,,,,,,,,,,,,,,,,
,,,,,,,,,,,,,,,,,,
,,,,,,,,,,,,,,,,,,
,,,,,,,,,,,,,,,,,,
,,,,,,,,,,,,,,,,,,
,,,,,,,,,,,,,,,,,,
,,,,,,,,,,,,,,,,,,
,,,,,,,,,,,,,,,,,,
,,,,,,,,,,,,,,,,,,
,,,,,,,,,,,,,,,,,,
,,,,,,,,,,,,,,,,,,
,,,,,,,,,,,,,,,,,,
,,,,,,,,,,,,,,,,,,
,,,,,,,,,,,,,,,,,,
,,,,,,,,,,,,,,,,,,
,,,,,,,,,,,,,,,,,,
,,,,,,,,,,,,,,,,,,
,,,,,,,,,,,,,,,,,,
,,,,,,,,,,,,,,,,,,
,,,,,,,,,,,,,,,,,,
,,,,,,,,,,,,,,,,,,
,,,,,,,,,,,,,,,,,,
,,,,,,,,,,,,,,,,,,
,,,,,,,,,,,,,,,,,,
,,,,,,,,,,,,,,,,,,
,,,,,,,,,,,,,,,,,,
,,,,,,,,,,,,,,,,,,
,,,,,,,,,,,,,,,,,,
,,,,,,,,,,,,,,,,,,
,,,,,,,,,,,,,,,,,,
,,,,,,,,,,,,,,,,,,
,,,,,,,,,,,,,,,,,,
,,,,,,,,,,,,,,,,,,
,,,,,,,,,,,,,,,,,,
,,,,,,,,,,,,,,,,,,
,,,,,,,,,,,,,,,,,,
,,,,,,,,,,,,,,,,,,
,,,,,,,,,,,,,,,,,,
,,,,,,,,,,,,,,,,,,
,,,,,,,,,,,,,,,,,,
,,,,,,,,,,,,,,,,,,
,,,,,,,,,,,,,,,,,,
,,,,,,,,,,,,,,,,,,
,,,,,,,,,,,,,,,,,,
,,,,,,,,,,,,,,,,,,
,,,,,,,,,,,,,,,,,,
,,,,,,,,,,,,,,,,,,
,,,,,,,,,,,,,,,,,,
,,,,,,,,,,,,,,,,,,
,,,,,,,,,,,,,,,,,,
,,,,,,,,,,,,,,,,,,
,,,,,,,,,,,,,,,,,,
,,,,,,,,,,,,,,,,,,
,,,,,,,,,,,,,,,,,,
,,,,,,,,,,,,,,,,,,
,,,,,,,,,,,,,,,,,,
,,,,,,,,,,,,,,,,,,
,,,,,,,,,,,,,,,,,,
,,,,,,,,,,,,,,,,,,
,,,,,,,,,,,,,,,,,,
,,,,,,,,,,,,,,,,,,
,,,,,,,,,,,,,,,,,,
,,,,,,,,,,,,,,,,,,
,,,,,,,,,,,,,,,,,,
,,,,,,,,,,,,,,,,,,
,,,,,,,,,,,,,,,,,,
,,,,,,,,,,,,,,,,,,
,,,,,,,,,,,,,,,,,,
,,,,,,,,,,,,,,,,,,
,,,,,,,,,,,,,,,,,,
,,,,,,,,,,,,,,,,,,
,,,,,,,,,,,,,,,,,,
,,,,,,,,,,,,,,,,,,
,,,,,,,,,,,,,,,,,,
,,,,,,,,,,,,,,,,,,
,,,,,,,,,,,,,,,,,,
,,,,,,,,,,,,,,,,,,
,,,,,,,,,,,,,,,,,,
,,,,,,,,,,,,,,,,,,
,,,,,,,,,,,,,,,,,,
,,,,,,,,,,,,,,,,,,
,,,,,,,,,,,,,,,,,,
,,,,,,,,,,,,,,,,,,
,,,,,,,,,,,,,,,,,,
,,,,,,,,,,,,,,,,,,
,,,,,,,,,,,,,,,,,,
,,,,,,,,,,,,,,,,,,
,,,,,,,,,,,,,,,,,,
,,,,,,,,,,,,,,,,,,
,,,,,,,,,,,,,,,,,,
,,,,,,,,,,,,,,,,,,
,,,,,,,,,,,,,,,,,,
,,,,,,,,,,,,,,,,,,
,,,,,,,,,,,,,,,,,,
,,,,,,,,,,,,,,,,,,
,,,,,,,,,,,,,,,,,,
,,,,,,,,,,,,,,,,,,
,,,,,,,,,,,,,,,,,,
,,,,,,,,,,,,,,,,,,
,,,,,,,,,,,,,,,,,,
,,,,,,,,,,,,,,,,,,
,,,,,,,,,,,,,,,,,,
,,,,,,,,,,,,,,,,,,
,,,,,,,,,,,,,,,,,,
,,,,,,,,,,,,,,,,,,
,,,,,,,,,,,,,,,,,,
,,,,,,,,,,,,,,,,,,
,,,,,,,,,,,,,,,,,,
,,,,,,,,,,,,,,,,,,
,,,,,,,,,,,,,,,,,,
,,,,,,,,,,,,,,,,,,
,,,,,,,,,,,,,,,,,,
,,,,,,,,,,,,,,,,,,
,,,,,,,,,,,,,,,,,,
,,,,,,,,,,,,,,,,,,
,,,,,,,,,,,,,,,,,,
,,,,,,,,,,,,,,,,,,
,,,,,,,,,,,,,,,,,,
,,,,,,,,,,,,,,,,,,
,,,,,,,,,,,,,,,,,,
